Date,channel_id,daily_avg,daily_min,daily_max
2020-01-01,352,13.65172,12.440818,14.695339
2020-01-02,352,12.872472,11.160341,14.533445
2020-01-03,352,12.59515,11.085089,14.398092
2020-01-04,352,12.768781,11.427164,14.800919
2020-01-05,352,12.718514,11.105507,14.691558
2020-01-06,352,12.776359,10.933049,14.870754
2020-01-07,352,13.0475855,11.102432,15.209751
2020-01-08,352,13.39789,11.242571,15.626596
2020-01-09,352,13.698461,11.223017,16.038136
2020-01-10,352,13.537258,11.256369,15.787287
2020-01-11,352,13.5482855,11.145313,15.808569
2020-01-12,352,13.468226,11.255156,15.684326
2020-01-13,352,13.402463,11.194692,15.475404
2020-01-14,352,13.341683,11.270815,15.070183
2020-01-15,352,13.090374,11.070046,14.614636
2020-01-16,352,13.359623,11.128786,15.067116
2020-01-17,352,13.036809,11.493071,14.991125
2020-01-18,352,12.701355,11.195675,14.849321
2020-01-19,352,12.881401,11.148798,15.079388
2020-01-20,352,13.303202,11.396353,15.5446415
2020-01-21,352,13.646421,11.54046,15.863409
2020-01-22,352,13.627136,11.359387,15.746453
2020-01-23,352,13.459347,11.326317,15.56915
2020-01-24,352,13.518433,11.238861,15.638428
2020-01-25,352,13.564984,11.377098,15.622668
2020-01-26,352,13.563615,11.427557,15.514451
2020-01-27,352,13.34557,11.443917,15.069199
2020-01-28,352,13.157226,11.221551,14.778777
2020-01-29,352,13.082144,11.226418,14.445805
2020-01-30,352,12.923797,11.238386,14.443554
2020-01-31,352,12.737222,11.118313,14.414044
2020-02-01,352,12.663755,11.311149,14.411051
2020-02-02,352,13.053944,11.661002,14.974169
2020-02-03,352,13.023228,11.176044,14.980443
2020-02-04,352,12.997354,10.957135,14.96459
2020-02-05,352,13.284092,11.173904,15.4305
2020-02-06,352,13.466525,11.25551,15.626364
2020-02-07,352,13.637096,11.35133,15.869904
2020-02-08,352,13.708247,11.410491,15.952836
2020-02-09,352,13.474898,11.4883995,15.485357
2020-02-10,352,13.283884,11.106801,15.473699
2020-02-11,352,13.313268,11.336751,15.2366495
2020-02-12,352,13.272063,11.392334,14.898385
2020-02-13,352,13.2462,11.468254,14.976517
2020-02-14,352,13.292537,11.789183,15.179943
2020-02-15,352,13.076757,11.498415,15.168419
2020-02-16,352,13.112741,11.379795,15.32342
2020-02-17,352,13.187711,11.2008915,15.312204
2020-02-18,352,13.291981,11.154324,15.306795
2020-02-19,352,13.349744,11.234423,15.350452
2020-02-20,352,13.386215,11.2316475,15.361816
2020-02-21,352,13.38466,11.285034,15.363785
2020-02-22,352,13.5414095,11.322805,15.54769
2020-02-23,352,13.406554,11.5949955,15.1396475
2020-02-24,352,12.943372,11.261358,14.611654
2020-02-25,352,12.804053,11.096146,14.371323
2020-02-26,352,12.749241,11.054748,14.16241
2020-02-27,352,12.761527,11.179936,14.220176
2020-02-28,352,12.8682375,11.388784,14.421326
2020-02-29,352,13.100918,11.786659,14.7406435
2020-03-01,352,13.011099,11.449151,14.79732
2020-03-02,352,12.806248,11.075935,14.574875
2020-03-03,352,13.13162,11.126517,14.951978
2020-03-04,352,13.309221,11.135475,15.185421
2020-03-05,352,13.581838,11.415068,15.565074
2020-03-06,352,13.707203,11.553013,15.740183
2020-03-07,352,13.732701,11.505091,15.730882
2020-03-08,352,13.50859,11.510805,15.48839
2020-03-09,352,13.354102,11.457125,15.210592
2020-03-10,352,13.242618,11.338332,15.044389
2020-03-11,352,13.282809,11.471015,14.871801
2020-03-12,352,13.360858,11.6268215,15.074629
2020-03-13,352,13.6977625,11.973417,15.59716
2020-03-14,352,13.659777,11.774464,15.781665
2020-03-15,352,13.634366,11.749089,15.79336
2020-03-16,352,13.527214,11.455923,15.485424
2020-03-17,352,13.468134,11.2785225,15.275861
2020-03-18,352,13.541897,11.399313,15.320046
2020-03-19,352,13.459715,11.332355,15.1882
2020-03-20,352,13.246159,11.152107,14.895233
2020-03-21,352,13.186429,11.253072,14.892691
2020-03-22,352,13.122303,11.386772,14.741182
2020-03-23,352,13.275049,11.392437,14.8805485
2020-03-24,352,13.193352,11.5843315,14.651154
2020-03-25,352,13.097438,11.533393,14.596193
2020-03-26,352,13.069624,11.422872,14.706134
2020-03-27,352,12.982476,11.264202,14.6905
2020-03-28,352,12.85005,11.055573,14.675453
2020-03-29,352,12.868073,11.012489,14.736599
2020-03-30,352,12.888314,10.92815,14.805451
2020-03-31,352,12.916584,10.874259,14.721885
2020-04-01,352,13.147702,10.903198,14.915294
2020-04-02,352,12.917314,10.682971,14.584623
2020-04-03,352,12.863862,10.75096,14.580905
2020-04-04,352,13.108671,11.180054,14.942793
2020-04-05,352,13.506855,11.752901,15.434299
2020-04-06,352,13.595201,11.599419,15.201849
2020-04-07,352,13.345059,11.626562,14.944572
2020-04-08,352,13.460483,11.621712,15.146164
2020-04-09,352,13.531754,11.6413555,15.5716715
2020-04-10,352,13.471643,11.48967,15.522417
2020-04-11,352,13.628523,11.567701,15.764955
2020-04-12,352,13.640333,11.472202,15.801931
2020-04-13,352,13.534402,11.347204,15.619428
2020-04-14,352,13.252331,11.024816,15.077752
2020-04-15,352,13.201169,11.051104,14.769865
2020-04-16,352,13.314118,11.289464,14.739936
2020-04-17,352,13.445683,11.549559,14.884349
2020-04-18,352,13.341894,11.4310055,14.860996
2020-04-19,352,13.168844,11.468832,14.680602
2020-04-20,352,13.197688,11.651395,14.752245
2020-04-21,352,13.096873,11.514542,14.805128
2020-04-22,352,12.956976,11.226734,14.699719
2020-04-23,352,12.944236,11.121819,14.738699
2020-04-24,352,12.975194,11.060877,14.852125
2020-04-25,352,13.062626,11.061449,14.949391
2020-04-26,352,13.26099,11.167769,15.180233
2020-04-27,352,13.311877,11.107754,15.31266
2020-04-28,352,13.230704,10.969606,15.153497
2020-04-29,352,13.309042,11.064758,15.150812
2020-04-30,352,13.220417,10.9062195,14.930246
2020-05-01,352,12.977505,10.738966,14.505462
2020-05-02,352,12.898713,10.856633,14.403535
2020-05-03,352,12.819363,10.935036,14.272604
2020-05-04,352,12.805958,11.095849,14.389473
2020-05-05,352,12.93549,11.301636,14.645137
2020-05-06,352,12.987875,11.163206,15.019011
2020-05-07,352,13.034836,11.017205,15.070408
2020-05-08,352,13.361229,11.220751,15.492406
2020-05-09,352,13.72994,11.477926,15.909014
2020-05-10,352,13.931508,11.625107,16.140984
2020-05-11,352,13.9235,11.618296,16.088676
2020-05-12,352,13.687558,11.383675,15.701595
2020-05-13,352,13.356045,11.038696,15.023179
2020-05-14,352,13.067641,10.84177,14.669753
2020-05-15,352,12.9736805,10.8659,14.506947
2020-05-16,352,13.006565,11.184927,14.602623
2020-05-17,352,13.232184,11.659502,14.836987
2020-05-18,352,13.447208,11.784399,15.323287
2020-05-19,352,13.362474,11.496576,15.344034
2020-05-20,352,13.302903,11.291286,15.402899
2020-05-21,352,13.379258,11.157776,15.398202
2020-05-22,352,13.631467,11.35042,15.8546715
2020-05-23,352,13.621974,11.200157,15.902481
2020-05-24,352,13.692846,11.232444,16.047272
2020-05-25,352,13.65974,11.156868,15.973356
2020-05-26,352,13.664534,11.138514,15.982982
2020-05-27,352,13.68638,11.228311,15.858019
2020-05-28,352,13.715529,11.343994,15.716066
2020-05-29,352,13.753239,11.559417,15.452312
2020-05-30,352,13.483826,11.284468,15.116783
2020-05-31,352,13.248627,11.411741,14.790201
2020-06-01,352,13.203999,11.599043,14.903051
2020-06-02,352,13.196299,11.670483,15.0392275
2020-06-03,352,13.301853,11.4968,15.282043
2020-06-04,352,13.515671,11.432905,15.568764
2020-06-05,352,13.988373,11.718479,16.172031
2020-06-06,352,14.18297,11.813152,16.5263
2020-06-07,352,13.880123,11.459469,16.227879
2020-06-08,352,13.43054,10.991444,15.675589
2020-06-09,352,13.184872,10.813594,15.238014
2020-06-10,352,13.1200485,10.819109,14.988438
2020-06-11,352,13.0611105,10.864082,14.685566
2020-06-12,352,12.969457,10.946714,14.490053
2020-06-13,352,12.810375,10.939365,14.561262
2020-06-14,352,12.710645,11.148541,14.456275
2020-06-15,352,12.851286,11.574396,14.630276
2020-06-16,352,12.998979,11.461128,14.982983
2020-06-17,352,12.987688,11.134382,14.9687195
2020-06-18,352,13.247246,11.1536045,15.21167
2020-06-19,352,13.687195,11.468651,15.682701
2020-06-20,352,13.83724,11.56901,16.050968
2020-06-21,352,13.710741,11.344919,15.972712
2020-06-22,352,13.803003,11.3671,15.964868
2020-06-23,352,13.920416,11.465175,16.098518
2020-06-24,352,13.886513,11.451289,16.003592
2020-06-25,352,13.824194,11.456331,15.797871
2020-06-26,352,13.735949,11.482704,15.460173
2020-06-27,352,13.61441,11.5407505,15.211674
2020-06-28,352,13.4469385,11.551918,15.150127
2020-06-29,352,13.218055,11.588624,15.185405
2020-06-30,352,13.181223,11.605968,15.238259
2020-07-01,352,13.421913,11.426123,15.477024
2020-07-02,352,13.825752,11.645309,16.027136
2020-07-03,352,13.869432,11.620811,16.295132
2020-07-04,352,13.691984,11.326206,16.115704
2020-07-05,352,13.655006,11.255871,15.945917
2020-07-06,352,13.711503,11.320845,15.937312
2020-07-07,352,13.549618,11.189079,15.6862335
2020-07-08,352,13.519281,11.232611,15.421274
2020-07-09,352,13.601483,11.390829,15.364498
2020-07-10,352,13.360621,11.289642,14.825899
2020-07-11,352,13.092874,11.192591,14.654434
2020-07-12,352,13.04076,11.436204,14.927311
2020-07-13,352,13.254847,11.998319,15.30778
2020-07-14,352,13.473025,11.923621,15.500403
2020-07-15,352,13.662546,11.78027,15.610466
2020-07-16,352,13.877186,11.761421,15.937324
2020-07-17,352,13.969629,11.711157,16.135902
2020-07-18,352,14.053112,11.716211,16.31356
2020-07-19,352,14.094586,11.655727,16.34335
2020-07-20,352,14.137963,11.718837,16.45005
2020-07-21,352,14.11681,11.685448,16.395443
2020-07-22,352,14.105425,11.6685295,16.244871
2020-07-23,352,13.817732,11.5374365,15.506313
2020-07-24,352,13.744232,11.551465,15.625347
2020-07-25,352,13.587381,11.525278,15.175606
2020-07-26,352,13.519404,11.640995,15.381739
2020-07-27,352,13.495007,11.946109,15.627644
2020-07-28,352,13.563644,11.943254,15.86475
2020-07-29,352,13.682456,11.794181,15.879403
2020-07-30,352,13.755079,11.617426,16.050798
2020-07-31,352,13.785601,11.548708,16.166494
2020-08-01,352,13.738664,11.41845,16.070356
2020-08-02,352,13.751205,11.42989,16.02574
2020-08-03,352,13.707713,11.398857,15.900386
2020-08-04,352,13.705032,11.4130125,15.790295
2020-08-05,352,13.619881,11.430384,15.610866
2020-08-06,352,13.4541445,11.344677,15.290258
2020-08-07,352,13.357054,11.353003,14.952715
2020-08-08,352,13.3296585,11.491249,14.804317
2020-08-09,352,13.2559185,11.577423,14.905532
2020-08-10,352,13.350329,12.0310955,15.24348
2020-08-11,352,13.507778,12.006578,15.487475
2020-08-12,352,13.502673,11.773413,15.527651
2020-08-13,352,13.5436735,11.56959,15.616946
2020-08-14,352,13.555837,11.365568,15.645618
2020-08-15,352,13.681013,11.431934,15.839346
2020-08-16,352,13.730684,11.471834,15.978067
2020-08-17,352,13.719076,11.446353,15.995909
2020-08-18,352,13.672629,11.385468,15.934353
2020-08-19,352,13.672642,11.437181,15.824785
2020-08-20,352,13.702533,11.5049095,15.699619
2020-08-21,352,13.720253,11.623579,15.576232
2020-08-22,352,13.556751,11.57099,15.150035
2020-08-23,352,13.516956,11.738728,15.399229
2020-08-24,352,13.58687,11.965785,15.685432
2020-08-25,352,13.746191,11.928828,15.995304
2020-08-26,352,13.907896,11.917411,16.16547
2020-08-27,352,13.925189,11.801836,16.074587
2020-08-28,352,13.958134,11.739959,16.131214
2020-08-29,352,14.009622,11.815491,16.228569
2020-08-30,352,13.912508,11.729275,16.093853
2020-08-31,352,13.895225,11.709807,15.917975
2020-09-01,352,13.989336,11.903877,15.924002
2020-09-02,352,13.890896,11.897263,15.766842
2020-09-03,352,13.694093,11.769146,15.404152
2020-09-04,352,13.507478,11.696707,15.065705
2020-09-05,352,13.251127,11.586512,14.662164
2020-09-06,352,13.196465,11.733368,14.823351
2020-09-07,352,13.347682,11.764286,15.129787
2020-09-08,352,13.605745,11.986065,15.376217
2020-09-09,352,13.678805,11.924236,15.405577
2020-09-10,352,13.542003,11.643789,15.2763405
2020-09-11,352,13.4543085,11.34743,15.434946
2020-09-12,352,13.556891,11.391022,15.547194
2020-09-13,352,13.71465,11.538527,15.667216
2020-09-14,352,13.73801,11.604914,15.870192
2020-09-15,352,13.57414,11.4456215,15.702952
2020-09-16,352,13.503749,11.438038,15.483532
2020-09-17,352,13.542585,11.552387,15.370682
2020-09-18,352,13.541007,11.625307,15.194055
2020-09-19,352,13.498341,11.67985,15.156961
2020-09-20,352,13.409755,11.666416,15.3275585
2020-09-21,352,13.479385,11.578123,15.539497
2020-09-22,352,13.486839,11.579151,15.487761
2020-09-23,352,13.372096,11.336344,15.429351
2020-09-24,352,13.391248,11.249754,15.413183
2020-09-25,352,13.321968,11.260364,15.157413
2020-09-26,352,13.148919,11.081378,15.181578
2020-09-27,352,13.146141,11.096791,14.978724
2020-09-28,352,13.193037,11.20099,14.977152
2020-09-29,352,13.273242,11.369025,14.983038
2020-09-30,352,13.1940565,11.37858,14.850311
2020-10-01,352,13.186899,11.50606,14.653126
2020-10-02,352,13.22897,11.677105,14.726137
2020-10-03,352,13.313742,11.682573,14.927518
2020-10-04,352,13.328035,11.664002,15.010559
2020-10-05,352,13.276349,11.531246,15.009274
2020-10-06,352,13.323432,11.396604,15.155056
2020-10-07,352,13.563049,11.465086,15.462145
2020-10-08,352,13.709073,11.579086,15.440807
2020-10-09,352,13.562038,11.468756,15.18622
2020-10-10,352,13.367416,11.23247,15.019175
2020-10-11,352,13.137974,11.148335,14.716021
2020-10-12,352,12.951542,10.941921,14.742578
2020-10-13,352,13.060044,11.126011,14.808592
2020-10-14,352,13.062554,11.20145,14.821028
2020-10-15,352,13.066412,11.275592,14.626375
2020-10-16,352,13.248844,11.524597,14.988466
2020-10-17,352,13.48429,11.496429,15.424392
2020-10-18,352,13.642427,11.587177,15.679878
2020-10-19,352,13.728335,11.613344,15.851852
2020-10-20,352,13.790237,11.571686,15.920096
2020-10-21,352,13.829105,11.507948,15.956976
2020-10-22,352,13.874182,11.561062,15.863043
2020-10-23,352,13.792218,11.610423,15.51912
2020-10-24,352,13.624664,11.526241,15.257875
2020-10-25,352,13.619126,11.703385,15.254766
2020-10-26,352,13.237126,11.44899,14.975064
2020-10-27,352,13.137443,11.430498,14.588857
2020-10-28,352,13.148045,11.559107,14.684641
2020-10-29,352,13.183388,11.599104,14.80398
2020-10-30,352,13.261927,11.544223,14.968974
2020-10-31,352,13.291667,11.520423,15.054115
2020-11-01,352,13.300335,11.422401,15.066591
2020-11-02,352,13.398838,11.322857,15.330179
2020-11-03,352,13.6266365,11.401396,15.642061
2020-11-04,352,13.58588,11.5149975,15.4275
2020-11-05,352,13.472935,11.219093,15.424679
2020-11-06,352,13.828091,11.381634,15.763055
2020-11-07,352,13.795582,11.685688,15.331848
2020-11-08,352,13.419735,11.351322,14.643524
2020-11-09,352,12.83863,10.897007,14.276222
2020-11-10,352,12.612296,10.7194,14.159512
2020-11-11,352,12.795371,11.051193,14.451118
2020-11-12,352,12.895324,11.221037,14.7117405
2020-11-13,352,13.177784,11.509453,15.159252
2020-11-14,352,13.285459,11.2746105,15.281137
2020-11-15,352,13.23416,11.194618,15.372082
2020-11-16,352,13.272611,11.11478,15.494811
2020-11-17,352,13.74329,11.114954,16.157524
2020-11-18,352,13.91211,11.576773,16.052397
2020-11-19,352,13.489805,11.403538,15.319037
2020-11-20,352,13.105291,10.966544,14.758873
2020-11-21,352,12.834792,10.769558,14.269794
2020-11-22,352,12.717613,10.745941,14.238836
2020-11-23,352,12.71852,10.934205,14.417301
2020-11-24,352,12.638752,10.949619,14.383765
2020-11-25,352,12.763445,11.223137,14.594585
2020-11-26,352,12.648114,11.062378,14.499037
2020-11-27,352,12.78252,11.036669,14.732174
2020-11-28,352,12.889681,11.004462,14.851248
2020-11-29,352,13.054539,10.981654,15.095607
2020-11-30,352,13.122503,11.03964,15.13373
2020-12-01,352,13.135108,10.987498,15.186346
2020-12-02,352,13.166104,10.888067,15.249274
2020-12-03,352,13.108764,10.926371,15.063578
2020-12-04,352,13.043677,10.733871,15.026979
2020-12-05,352,13.0617485,10.803429,14.863174
2020-12-06,352,12.894969,10.757301,14.443394
2020-12-07,352,12.661856,10.660456,14.012065
2020-12-08,352,12.552754,10.670206,14.182834
2020-12-09,352,12.54758,10.858361,14.355204
2020-12-10,352,12.822566,11.203175,14.870424
2020-12-11,352,12.949337,11.162043,15.062693
2020-12-12,352,13.203275,11.098072,15.376612
2020-12-13,352,13.339775,11.173657,15.704845
2020-12-14,352,13.493264,11.262652,15.768684
2020-12-15,352,13.368511,11.125654,15.639078
2020-12-16,352,13.216333,10.972688,15.4338875
2020-12-17,352,13.442575,10.963212,15.628872
2020-12-18,352,13.224248,11.081301,15.0259075
2020-12-19,352,12.812752,10.802368,14.272494
2020-12-20,352,12.526218,10.556715,13.883543
2020-12-21,352,12.456155,10.5315075,14.042753
2020-12-22,352,12.488558,10.898239,14.3103485
2020-12-23,352,12.309456,10.892307,14.193233
2020-12-24,352,12.285065,10.865253,14.230579
2020-12-25,352,12.802814,11.268878,14.852034
2020-12-26,352,13.277588,11.200201,15.347634
2020-12-27,352,13.346607,11.299828,15.482651
2020-12-28,352,13.648135,11.306103,15.794913
2020-12-29,352,13.543846,11.394674,15.66807
2020-12-30,352,13.318593,11.146799,15.460643
2020-12-31,352,13.407205,11.084242,15.557749
2021-01-01,352,13.316309,11.094198,15.355023
2021-01-02,352,13.110995,10.990187,14.99964
2021-01-03,352,12.987301,10.838575,14.684312
2021-01-04,352,13.090666,10.841774,14.772472
2021-01-05,352,12.758438,11.051278,14.310361
2021-01-06,352,12.405123,10.71236,14.2813225
2021-01-07,352,12.357916,10.853395,14.411942
2021-01-08,352,12.659127,10.987436,14.846603
2021-01-09,352,12.811061,10.885956,15.081545
2021-01-10,352,13.117229,11.082605,15.419175
2021-01-11,352,13.105907,11.145559,15.483875
2021-01-12,352,13.297788,11.110422,15.6143875
2021-01-13,352,13.221288,11.104082,15.508318
2021-01-14,352,13.087903,11.084164,15.263002
2021-01-15,352,12.925671,11.002289,14.910101
2021-01-16,352,12.930454,10.956476,14.812237
2021-01-17,352,12.923506,11.063444,14.458776
2021-01-18,352,12.935031,11.152161,14.474848
2021-01-19,352,12.52706,11.105795,14.108265
2021-01-20,352,12.616253,11.076568,14.447251
2021-01-21,352,12.846805,11.5623865,14.810584
2021-01-22,352,13.3064575,11.675367,15.369139
2021-01-23,352,13.319494,11.390409,15.343967
2021-01-24,352,13.540626,11.512577,15.640316
2021-01-25,352,13.679611,11.375531,15.744909
2021-01-26,352,13.391293,11.198933,15.464815
2021-01-27,352,13.81315,11.203143,15.94972
2021-01-28,352,14.014916,11.475069,16.290035
2021-01-29,352,14.003988,11.847723,16.118162
2021-01-30,352,13.624153,11.637829,15.629217
2021-01-31,352,13.434644,11.433535,15.316622
2021-02-01,352,13.451959,11.430152,15.217812
2021-02-02,352,13.4116955,11.662039,15.075451
2021-02-03,352,13.059065,11.449251,14.895767
2021-02-04,352,12.8245535,11.36092,14.877909
2021-02-05,352,12.825474,11.164194,14.995165
2021-02-06,352,13.103316,11.126343,15.327101
2021-02-07,352,13.3174305,11.174628,15.532782
2021-02-08,352,13.513146,11.2714205,15.730705
2021-02-09,352,13.633415,11.367754,15.84137
2021-02-10,352,13.584784,11.3663845,15.743129
2021-02-11,352,13.39903,11.287857,15.479973
2021-02-12,352,13.394252,11.336678,15.350356
2021-02-13,352,13.312868,11.272297,15.204094
2021-02-14,352,13.005002,11.334536,14.521773
2021-02-15,352,12.890352,11.085563,14.28933
2021-02-16,352,12.704195,11.241768,14.310131
2021-02-17,352,12.3889265,11.04176,14.100502
2021-02-18,352,12.242039,10.883685,14.060715
2021-02-19,352,12.299381,10.730003,14.150088
2021-02-20,352,12.714717,10.7315445,14.688656
2021-02-21,352,12.531996,10.442877,14.35132
2021-02-22,352,12.700985,10.583389,14.571524
2021-02-23,352,13.00829,10.844838,15.082079
2021-02-24,352,13.135508,10.876469,15.2260475
2021-02-25,352,12.943896,10.858193,15.015797
2021-02-26,352,12.913989,10.826679,14.98612
2021-02-27,352,12.757583,10.935648,14.6853075
2021-02-28,352,12.594455,10.768999,14.358257
2021-03-01,352,12.640608,10.7965355,14.295433
2021-03-02,352,12.811794,11.052461,14.412287
2021-03-03,352,13.111103,11.393431,14.900636
2021-03-04,352,13.107791,11.35971,15.199839
2021-03-05,352,12.859542,11.0503845,14.956591
2021-03-06,352,13.246867,11.135775,15.412283
2021-03-07,352,13.204259,11.031899,15.248593
2021-03-08,352,13.297033,11.076286,15.316133
2021-03-09,352,13.238207,11.120029,15.202106
2021-03-10,352,13.335168,11.239523,15.287752
2021-03-11,352,13.223179,11.15344,15.052898
2021-03-12,352,13.13847,11.148112,14.917141
2021-03-13,352,13.067149,11.253687,14.722759
2021-03-14,352,12.967971,11.281176,14.47201
2021-03-15,352,13.039118,11.486748,14.586685
2021-03-16,352,12.735882,11.205629,14.312913
2021-03-17,352,12.694385,11.090538,14.375502
2021-03-18,352,12.81052,11.154956,14.543516
2021-03-19,352,12.882155,11.109417,14.680058
2021-03-20,352,12.940852,10.993969,14.761411
2021-03-21,352,12.849197,10.728732,14.552393
2021-03-22,352,12.842136,10.623267,14.485091
2021-03-23,352,12.845842,10.487469,14.5532675
2021-03-24,352,12.717647,10.689822,14.423702
2021-03-25,352,13.078494,11.118662,14.965761
2021-03-26,352,13.000836,10.968749,14.777017
2021-03-27,352,12.750804,10.869248,14.442187
2021-03-28,352,12.674786,10.869659,14.291218
2021-03-29,352,12.7783375,11.044324,14.356298
2021-03-30,352,12.834764,11.103329,14.696343
2021-03-31,352,12.779119,10.913702,14.808679
2021-04-01,352,12.944078,11.030653,15.024733
2021-04-02,352,13.229131,11.196357,15.399099
2021-04-03,352,13.323627,11.196987,15.510611
2021-04-04,352,13.215178,10.988073,15.207025
2021-04-05,352,13.206741,11.032828,15.003008
2021-04-06,352,13.176274,11.104482,14.871838
2021-04-07,352,13.11511,11.097876,14.755371
2021-04-08,352,12.881553,10.996037,14.38274
2021-04-09,352,12.812624,11.152994,14.302063
2021-04-10,352,12.766786,11.219649,14.250898
2021-04-11,352,12.832732,11.305946,14.354919
2021-04-12,352,13.04927,11.419207,14.680129
2021-04-13,352,13.238649,11.539337,15.023403
2021-04-14,352,13.214201,11.382733,15.080471
2021-04-15,352,13.201896,11.273859,15.063751
2021-04-16,352,13.312209,11.306931,15.17526
2021-04-17,352,13.3623495,11.26871,15.249275
2021-04-18,352,13.0170145,10.817757,14.801735
2021-04-19,352,13.178835,11.030227,14.789522
2021-04-20,352,13.182227,11.014034,14.740135
2021-04-21,352,13.198808,11.182347,14.663792
2021-04-22,352,13.279765,11.295591,14.830954
2021-04-23,352,13.186261,11.285305,14.653275
2021-04-24,352,13.141046,11.47696,14.609997
2021-04-25,352,13.216984,11.692086,14.844524
2021-04-26,352,13.252368,11.497287,15.101351
2021-04-27,352,13.288784,11.363024,15.359125
2021-04-28,352,13.194594,11.10919,15.413264
2021-04-29,352,13.2423935,11.079905,15.473497
2021-04-30,352,13.409636,11.165423,15.640782
2021-05-01,352,13.532803,11.265045,15.745205
2021-05-02,352,13.411277,11.135891,15.504263
2021-05-03,352,13.083889,10.869297,14.902247
2021-05-04,352,12.843476,10.771333,14.336685
2021-05-05,352,12.906807,11.070757,14.267862
2021-05-06,352,13.009304,11.22851,14.576576
2021-05-07,352,12.885121,11.214537,14.637303
2021-05-08,352,12.725802,11.3113,14.398392
2021-05-09,352,12.856021,11.255421,14.5567465
2021-05-10,352,13.07953,11.344939,14.894373
2021-05-11,352,13.257326,11.34152,15.120625
2021-05-12,352,13.5291,11.521782,15.430065
2021-05-13,352,13.699362,11.554117,15.703899
2021-05-14,352,13.794712,11.617956,15.811895
2021-05-15,352,13.801776,11.557064,15.878279
2021-05-16,352,13.818676,11.572109,15.774822
2021-05-17,352,13.648142,11.397776,15.531799
2021-05-18,352,13.221066,11.035198,14.863895
2021-05-19,352,13.12958,11.014698,14.583202
2021-05-20,352,12.74624,10.689096,14.460574
2021-05-21,352,12.589866,10.86224,14.06843
2021-05-22,352,12.729485,11.199549,14.280102
2021-05-23,352,12.863967,11.43839,14.605896
2021-05-24,352,13.005756,11.271262,15.016734
2021-05-25,352,13.171476,11.200229,15.406837
2021-05-26,352,13.320411,11.142993,15.612318
2021-05-27,352,13.539935,11.243672,15.901201
2021-05-28,352,13.678058,11.341661,16.029606
2021-05-29,352,13.712044,11.350626,16.028301
2021-05-30,352,13.570107,11.19792,15.783003
2021-05-31,352,13.416111,11.143038,15.366638
2021-06-01,352,13.4630165,11.417699,15.080154
2021-06-02,352,13.362055,11.422395,14.952026
2021-06-03,352,13.176678,11.437729,14.9530735
2021-06-04,352,13.158935,11.63788,14.938417
2021-06-05,352,13.191269,11.865516,14.976114
2021-06-06,352,13.36968,11.714644,15.145504
2021-06-07,352,13.526431,11.64374,15.523245
2021-06-08,352,13.579797,11.613718,15.75272
2021-06-09,352,13.484443,11.285839,15.611866
2021-06-10,352,13.424197,11.108477,15.607254
2021-06-11,352,13.445302,11.085415,15.574762
2021-06-12,352,13.478721,11.078022,15.579582
2021-06-13,352,13.621088,11.217095,15.725078
2021-06-14,352,13.424415,11.056944,15.434878
2021-06-15,352,13.275216,10.931305,15.173874
2021-06-16,352,12.935609,10.744703,14.533733
2021-06-17,352,12.874483,10.819847,14.359499
2021-06-18,352,13.043258,11.213158,14.713869
2021-06-19,352,13.385065,11.834524,15.095745
2021-06-20,352,13.6124,12.073282,15.538264
2021-06-21,352,13.770743,11.837782,15.82905
2021-06-22,352,13.784766,11.661487,16.095276
2021-06-23,352,14.001734,11.707207,16.529076
2021-06-24,352,14.006682,11.56996,16.50066
2021-06-25,352,14.184004,11.665823,16.630245
2021-06-26,352,14.242168,11.697719,16.625694
2021-06-27,352,14.212565,11.705087,16.459112
2021-06-28,352,14.066321,11.6512785,16.156593
2021-06-29,352,13.764602,11.441253,15.592518
2021-06-30,352,13.516023,11.376295,15.050807
2021-07-01,352,13.36624,11.499076,15.052984
2021-07-02,352,13.310166,11.784075,15.119002
2021-07-03,352,13.411595,11.951166,15.237925
2021-07-04,352,13.623178,11.871425,15.485525
2021-07-05,352,13.803444,11.8249,15.787512
2021-07-06,352,13.836503,11.734018,15.915894
2021-07-07,352,13.866316,11.605639,15.985107
2021-07-08,352,13.926697,11.568871,16.044497
2021-07-09,352,13.8666315,11.436987,16.102627
2021-07-10,352,14.090449,11.644104,16.298595
2021-07-11,352,14.139931,11.708773,16.278185
2021-07-12,352,14.169497,11.764547,16.325726
2021-07-13,352,14.016186,11.685451,16.036823
2021-07-14,352,13.91251,11.66242,15.768724
2021-07-15,352,13.669744,11.554043,15.280924
2021-07-16,352,13.363867,11.486313,15.010883
2021-07-17,352,13.289996,11.674101,15.267111
2021-07-18,352,13.337179,11.869156,15.561045
2021-07-19,352,13.529368,11.674122,15.752596
2021-07-20,352,13.7480545,11.660568,16.03698
2021-07-21,352,13.894504,11.615961,16.285606
2021-07-22,352,14.011388,11.632172,16.476671
2021-07-23,352,14.033688,11.571473,16.468227
2021-07-24,352,14.07623,11.631165,16.39333
2021-07-25,352,14.0858965,11.701734,16.26233
2021-07-26,352,14.03463,11.746713,16.086689
2021-07-27,352,13.679731,11.478875,15.587254
2021-07-28,352,13.4548435,11.437376,14.982872
2021-07-29,352,13.485994,11.627155,15.149931
2021-07-30,352,13.525791,11.917073,15.376143
2021-07-31,352,13.54921,12.220939,15.404002
2021-08-01,352,13.476233,11.814379,15.51492
2021-08-02,352,13.510903,11.634121,15.51462
2021-08-03,352,13.634331,11.487261,15.581694
2021-08-04,352,13.784803,11.569774,15.7948885
2021-08-05,352,13.760848,11.515197,15.911053
2021-08-06,352,13.658976,11.388805,15.834679
2021-08-07,352,13.743433,11.429125,15.81567
2021-08-08,352,13.91201,11.608106,15.972301
2021-08-09,352,13.934193,11.68783,15.999724
2021-08-10,352,13.840009,11.631477,15.790583
2021-08-11,352,13.747481,11.64669,15.527536
2021-08-12,352,13.688375,11.732807,15.252429
2021-08-13,352,13.493236,11.703955,15.142244
2021-08-14,352,13.362627,11.771447,15.31427
2021-08-15,352,13.5042925,11.789244,15.734612
2021-08-16,352,13.74962,11.815454,16.057266
2021-08-17,352,13.897488,11.7744875,16.188316
2021-08-18,352,14.023833,11.770478,16.295357
2021-08-19,352,14.038547,11.7446995,16.368343
2021-08-20,352,14.062336,11.769089,16.37495
2021-08-21,352,14.164768,11.941066,16.411003
2021-08-22,352,14.134207,11.930628,16.255074
2021-08-23,352,14.113858,11.968026,16.053099
2021-08-24,352,14.0068655,11.962531,15.816765
2021-08-25,352,13.769529,11.8752165,15.369423
2021-08-26,352,13.526262,11.785145,15.002419
2021-08-27,352,13.373307,11.875563,15.068171
2021-08-28,352,13.432001,11.893465,15.290572
2021-08-29,352,13.664366,11.905352,15.640656
2021-08-30,352,13.935549,11.954006,15.859144
2021-08-31,352,14.08121,11.991434,16.077337
2021-09-01,352,14.120619,12.012536,16.023945
2021-09-02,352,13.891427,11.808659,16.025595
2021-09-03,352,13.687643,11.530508,15.699837
2021-09-04,352,13.648396,11.516169,15.731773
2021-09-05,352,13.571601,11.46239,15.621548
2021-09-06,352,13.506912,11.451099,15.477594
2021-09-07,352,13.453547,11.430864,15.305151
2021-09-08,352,13.516149,11.596571,15.193278
2021-09-09,352,13.641625,11.859078,15.305458
2021-09-10,352,13.614728,12.005097,15.353176
2021-09-11,352,13.46143,11.801498,15.372223
2021-09-12,352,13.477055,11.570841,15.577376
2021-09-13,352,13.607897,11.546288,15.815637
2021-09-14,352,13.726855,11.471867,16.043497
2021-09-15,352,13.863351,11.599899,16.045664
2021-09-16,352,13.842105,11.634368,16.107277
2021-09-17,352,13.801716,11.610459,15.946001
2021-09-18,352,13.715044,11.657482,15.7957325
2021-09-19,352,13.498544,11.519614,15.492882
2021-09-20,352,13.25303,11.307064,15.05103
2021-09-21,352,13.066125,11.252796,14.680916
2021-09-22,352,13.158206,11.490471,14.76318
2021-09-23,352,13.285913,11.678868,14.959556
2021-09-24,352,13.323103,11.625706,15.066761
2021-09-25,352,13.455728,11.620583,15.2773285
2021-09-26,352,13.529339,11.616398,15.282679
2021-09-27,352,13.523969,11.5464525,15.312489
2021-09-28,352,13.352401,11.367488,15.008268
2021-09-29,352,13.156766,11.08128,14.855822
2021-09-30,352,13.043026,10.979313,14.74288
2021-10-01,352,13.012899,10.970512,14.748865
2021-10-02,352,13.111946,11.122951,14.864721
2021-10-03,352,13.181072,11.254063,14.951076
2021-10-04,352,13.257942,11.347263,14.979955
2021-10-05,352,13.5019245,11.639311,15.105552
2021-10-06,352,13.525497,11.784912,15.075177
2021-10-07,352,13.459525,11.68227,15.261026
2021-10-08,352,13.565464,11.587276,15.530117
2021-10-09,352,13.441273,11.545818,15.3918915
2021-10-10,352,13.365177,11.230553,15.551288
2021-10-11,352,13.395969,11.309046,15.414461
2021-10-12,352,13.199589,11.010923,15.244972
2021-10-13,352,13.173771,10.916722,15.16416
2021-10-14,352,13.023217,10.9669285,14.754167
2021-10-15,352,12.869785,10.85828,14.793031
2021-10-16,352,12.962271,11.026735,14.601019
2021-10-17,352,13.32899,11.455623,14.869208
2021-10-18,352,13.456525,11.796857,15.003399
2021-10-19,352,13.252529,11.647081,14.859858
2021-10-20,352,13.409062,11.654209,15.098139
2021-10-21,352,13.366941,11.511472,15.204509
2021-10-22,352,13.643839,11.563862,15.537409
2021-10-23,352,13.750466,11.703982,15.582884
2021-10-24,352,14.580205,11.747774,16.95911
2021-10-25,352,14.889465,12.895206,16.392464
2021-10-26,352,14.188857,12.2656765,15.601343
2021-10-27,352,13.5755825,11.639282,14.877411
2021-10-28,352,13.171653,11.048912,14.530294
2021-10-29,352,13.0553,10.8751135,14.689601
2021-10-30,352,13.145535,11.080638,14.64536
2021-10-31,352,13.082739,11.143545,14.704858
2021-11-01,352,13.073482,11.184965,14.765581
2021-11-02,352,13.017346,11.278872,14.732313
2021-11-03,352,13.06944,11.312262,14.985437
2021-11-04,352,13.350131,11.399977,15.389364
2021-11-05,352,13.438781,11.287533,15.672398
2021-11-06,352,13.496793,11.276412,15.758254
2021-11-07,352,13.347442,11.026915,15.698041
2021-11-08,352,13.434619,11.056432,15.68951
2021-11-09,352,13.6369295,11.161722,15.576633
2021-11-10,352,13.231389,11.064582,14.915211
2021-11-11,352,12.848614,10.7364435,14.408031
2021-11-12,352,12.6737795,10.707378,14.214889
2021-11-13,352,12.561067,10.731886,14.238919
2021-11-14,352,12.517136,10.815103,14.2454605
2021-11-15,352,12.643327,11.062231,14.516111
2021-11-16,352,12.870341,11.118716,14.760246
2021-11-17,352,13.019263,11.130003,14.9622345
2021-11-18,352,13.133239,11.127939,15.126905
2021-11-19,352,13.249595,11.111139,15.238989
2021-11-20,352,13.224562,11.062633,15.201354
2021-11-21,352,13.156556,11.009676,15.036997
2021-11-22,352,13.220425,10.836956,15.200554
2021-11-23,352,13.3976755,11.025702,15.283196
2021-11-24,352,13.220985,11.001285,14.922064
2021-11-25,352,12.827582,10.722616,14.280476
2021-11-26,352,12.696432,10.508788,14.16744
2021-11-27,352,12.712149,10.726041,14.117071
2021-11-28,352,12.54388,10.758297,14.133373
2021-11-29,352,12.582635,10.882948,14.34647
2021-11-30,352,12.754134,11.190866,14.706499
2021-12-01,352,12.904462,11.164526,14.951729
2021-12-02,352,13.202612,11.2315035,15.415518
2021-12-03,352,13.618671,11.321983,16.012041
2021-12-04,352,13.794226,11.423719,16.187832
2021-12-05,352,13.627968,11.30719,15.983847
2021-12-06,352,13.491313,11.090233,15.870475
2021-12-07,352,13.545028,11.063921,15.819935
2021-12-08,352,13.487434,11.144993,15.503265
2021-12-09,352,13.38861,11.163198,14.977703
2021-12-10,352,12.916838,10.962018,14.431433
2021-12-11,352,12.587616,10.711404,14.287027
2021-12-12,352,12.9544,11.104469,14.880709
2021-12-13,352,13.577545,11.997278,15.549858
2021-12-14,352,13.8614855,12.094398,15.894843
2021-12-15,352,13.660416,11.882605,15.621395
2021-12-16,352,13.959763,11.73358,15.928963
2021-12-17,352,13.634573,11.4613495,15.6805
2021-12-18,352,13.417189,11.326094,15.453209
2021-12-19,352,13.622235,11.142452,15.783458
2021-12-20,352,13.679729,11.322037,15.752962
2021-12-21,352,13.613626,11.270151,15.679249
2021-12-22,352,13.598081,11.26203,15.586597
2021-12-23,352,14.106474,11.408594,16.126255
2021-12-24,352,14.265462,12.13332,15.67658
2021-12-25,352,14.103025,11.972664,15.507639
2021-12-26,352,13.740959,12.031677,15.374123
2021-12-27,352,13.67891,11.839279,15.649535
2021-12-28,352,13.592845,12.011684,15.725072
2021-12-29,352,13.905694,12.104752,16.231642
2021-12-30,352,14.019957,12.017167,16.408747
2021-12-31,352,14.320055,11.96446,16.772789
2022-01-01,352,14.223253,11.875807,16.673664
2022-01-02,352,14.032477,11.707712,16.481998
2022-01-03,352,14.118154,11.549971,16.653229
2022-01-04,352,14.058951,11.776932,16.352924
2022-01-05,352,13.758509,11.537344,15.869631
2022-01-06,352,13.562036,11.376855,15.429068
2022-01-07,352,13.535946,11.319045,15.120771
2022-01-08,352,13.233324,11.387949,14.956047
2022-01-09,352,12.826875,11.213712,14.724774
2022-01-10,352,12.72594,11.330851,14.754778
2022-01-11,352,12.913113,11.287696,15.003185
2022-01-12,352,13.137847,11.227359,15.197115
2022-01-13,352,13.385628,11.229832,15.476525
2022-01-14,352,13.426553,11.202162,15.553516
2022-01-15,352,13.429665,11.18804,15.545088
2022-01-16,352,13.558856,11.152778,15.69263
2022-01-17,352,13.685743,11.256155,15.851881
2022-01-18,352,13.710336,11.3768635,15.85253
2022-01-19,352,13.509426,11.392199,15.514499
2022-01-20,352,13.2743845,11.192423,15.167484
2022-01-21,352,13.17626,11.054943,14.923326
2022-01-22,352,13.0833435,11.025368,14.623709
2022-01-23,352,12.880047,11.074406,14.386087
2022-01-24,352,12.770441,11.07226,14.512119
2022-01-25,352,12.820599,11.382345,14.846334
2022-01-26,352,12.910712,11.139993,15.159528
2022-01-27,352,13.199328,11.1469345,15.536824
2022-01-28,352,13.312022,11.009506,15.623336
2022-01-29,352,13.532711,11.185389,15.92906
2022-01-30,352,13.670269,11.308632,16.065153
2022-01-31,352,13.554638,11.2443905,15.891222
2022-02-01,352,13.614303,11.246361,15.935843
2022-02-02,352,13.369327,11.378815,15.328243
2022-02-03,352,13.153758,11.080868,15.093723
2022-02-04,352,12.977807,11.139948,14.526249
2022-02-05,352,12.846051,11.010197,14.35718
2022-02-06,352,12.792225,11.168897,14.534489
2022-02-07,352,12.670935,11.30991,14.589192
2022-02-08,352,12.731564,11.208361,14.71031
2022-02-09,352,12.940744,11.10003,14.873396
2022-02-10,352,13.212597,11.110485,15.141383
2022-02-11,352,13.383927,11.167852,15.303486
2022-02-12,352,13.407295,11.121992,15.2872715
2022-02-13,352,13.377966,11.148178,15.311831
2022-02-14,352,13.576722,11.195701,15.64868
2022-02-15,352,13.652578,11.5075865,15.618761
2022-02-16,352,13.341274,11.350582,15.2960415
2022-02-17,352,13.028276,11.164286,14.860786
2022-02-18,352,12.916002,10.9880295,14.6928425
2022-02-19,352,12.932215,11.089985,14.5485935
2022-02-20,352,13.117737,11.262817,14.594366
2022-02-21,352,13.109646,11.647933,14.913826
2022-02-22,352,13.114904,11.571913,15.162773
2022-02-23,352,12.977215,11.19095,15.140318
2022-02-24,352,12.971448,10.929909,15.119274
2022-02-25,352,13.197799,10.949865,15.35034
2022-02-26,352,13.274242,10.941583,15.451296
2022-02-27,352,13.181753,10.917164,15.29703
2022-02-28,352,13.197215,10.977669,15.305171
2022-03-01,352,13.198464,10.989274,15.280642
2022-03-02,352,13.213252,11.118455,15.202492
2022-03-03,352,13.294342,11.284922,15.123861
2022-03-04,352,13.394798,11.467332,15.024189
2022-03-05,352,13.294715,11.752487,15.040392
2022-03-06,352,12.885718,11.345386,14.641504
2022-03-07,352,12.754097,11.169895,14.61787
2022-03-08,352,12.78286,11.093676,14.653162
2022-03-09,352,13.153758,11.337665,15.041402
2022-03-10,352,13.108668,10.947702,14.892504
2022-03-11,352,12.901184,10.69722,14.537083
2022-03-12,352,13.04008,10.93243,14.735039
2022-03-13,352,13.245007,11.048866,14.952641
2022-03-14,352,13.080893,10.955387,14.744379
2022-03-15,352,13.016068,10.969555,14.745537
2022-03-16,352,12.976398,11.036477,14.74873
2022-03-17,352,12.978547,11.035206,14.770025
2022-03-18,352,12.944356,11.198591,14.541708
2022-03-19,352,12.967042,11.237682,14.51712
2022-03-20,352,12.941472,11.288297,14.671083
2022-03-21,352,12.802232,11.019106,14.714497
2022-03-22,352,12.8070755,10.958212,14.822805
2022-03-23,352,13.037907,11.048365,15.198767
2022-03-24,352,13.209134,11.071421,15.390873
2022-03-25,352,13.397942,11.126458,15.516835
2022-03-26,352,13.485304,11.173416,15.469252
2022-03-27,352,13.597785,11.469325,15.518953
2022-03-28,352,13.717145,11.5150585,15.583368
2022-03-29,352,13.450855,11.366142,15.215825
2022-03-30,352,13.147567,11.234714,14.777533
2022-03-31,352,12.997964,11.298096,14.559282
2022-04-01,352,13.048138,11.363665,14.650282
2022-04-02,352,13.022093,11.313849,14.773795
2022-04-03,352,13.065695,11.261648,14.860287
2022-04-04,352,13.147735,11.225504,15.080969
2022-04-05,352,12.971105,10.979572,14.962546
2022-04-06,352,12.793366,10.760501,14.6538925
2022-04-07,352,12.901399,10.753302,14.743331
2022-04-08,352,13.106061,10.922628,14.777214
2022-04-09,352,13.009194,10.755462,14.4902935
2022-04-10,352,12.857342,10.728744,14.264444
2022-04-11,352,13.241908,11.311579,14.94235
2022-04-12,352,12.860584,10.765701,14.305014
2022-04-13,352,12.654427,10.771959,14.117611
2022-04-14,352,12.757084,11.181419,14.280414
2022-04-15,352,12.839565,11.2678795,14.423604
2022-04-16,352,12.984355,11.365326,14.655947
2022-04-17,352,12.890919,11.038267,14.797241
2022-04-18,352,13.03758,11.015612,15.060481
2022-04-19,352,13.283974,11.125748,15.510506
2022-04-20,352,13.388663,11.132338,15.576242
2022-04-21,352,13.662323,11.283167,15.936069
2022-04-22,352,13.529659,11.1296425,15.712566
2022-04-23,352,13.098923,10.763146,15.012466
2022-04-24,352,12.918761,10.715868,14.578621
2022-04-25,352,12.911293,10.880292,14.476055
2022-04-26,352,12.966029,11.091896,14.430233
2022-04-27,352,12.859614,11.167643,14.469009
2022-04-28,352,12.925066,11.378636,14.632517
2022-04-29,352,12.754787,11.042587,14.631641
2022-04-30,352,12.828508,10.910585,14.649816
2022-05-01,352,13.1332035,11.0858135,15.095596
2022-05-02,352,13.231426,11.105504,15.245159
2022-05-03,352,13.084946,10.872036,15.105989
2022-05-04,352,13.250885,10.985937,15.178413
2022-05-05,352,13.434893,11.128493,15.397488
2022-05-06,352,13.112848,10.823194,14.933838
2022-05-07,352,13.08452,10.818426,14.758066
2022-05-08,352,12.987469,10.752783,14.39904
2022-05-09,352,12.697972,10.553749,14.232931
2022-05-10,352,12.477779,10.487116,13.990105
2022-05-11,352,12.334929,10.561666,13.836089
2022-05-12,352,12.365199,10.757191,13.989156
2022-05-13,352,12.443635,10.88947,14.178417
2022-05-14,352,12.606036,10.795618,14.509899
2022-05-15,352,13.014791,10.983318,14.992519
2022-05-16,352,13.379144,11.190955,15.621256
2022-05-17,352,13.457472,11.097329,15.824875
2022-05-18,352,13.498737,11.056204,15.907831
2022-05-19,352,13.513251,11.0594845,15.847314
2022-05-20,352,13.468617,11.033723,15.702929
2022-05-21,352,13.316178,10.973906,15.326881
2022-05-22,352,13.114625,10.87935,14.84822
2022-05-23,352,12.909258,10.872816,14.439656
2022-05-24,352,12.85593,11.017422,14.534014
2022-05-25,352,12.943944,11.516372,14.623608
2022-05-26,352,13.461394,11.819791,15.158688
2022-05-27,352,13.536717,11.742863,15.578411
2022-05-28,352,13.421123,11.4212055,15.405372
2022-05-29,352,13.454471,11.3058815,15.574088
2022-05-30,352,13.427623,11.149649,15.509998
2022-05-31,352,13.441848,11.076202,15.530312
2022-06-01,352,13.547853,11.16412,15.658583
2022-06-02,352,13.642606,11.249521,15.714613
2022-06-03,352,13.647648,11.253761,15.682814
2022-06-04,352,13.452632,11.103262,15.344776
2022-06-05,352,13.277385,11.019923,14.989714
2022-06-06,352,13.029247,10.858101,14.494434
2022-06-07,352,12.93084,10.934114,14.367426
2022-06-08,352,12.876346,11.082601,14.525251
2022-06-09,352,12.862314,11.230772,14.690596
2022-06-10,352,12.911885,11.396618,14.801083
2022-06-11,352,13.173374,11.313049,15.193277
2022-06-12,352,13.555512,11.443865,15.718142
2022-06-13,352,13.694885,11.415603,16.181452
2022-06-14,352,13.633915,11.20486,16.11836
2022-06-15,352,13.768744,11.230435,16.203928
2022-06-16,352,13.993262,11.428787,16.42582
2022-06-17,352,14.055281,11.544868,16.456152
2022-06-18,352,13.651409,11.236996,15.839248
2022-06-19,352,13.218485,10.938774,15.105806
2022-06-20,352,12.87924,10.80984,14.45796
2022-06-21,352,12.844687,11.018013,14.508841
2022-06-22,352,13.017143,11.532431,14.750801
2022-06-23,352,13.257482,11.691366,15.181694
2022-06-24,352,13.505894,11.568192,15.495186
2022-06-25,352,13.756958,11.622265,15.861134
2022-06-26,352,13.825196,11.574722,16.016956
2022-06-27,352,13.801158,11.470042,16.017908
2022-06-28,352,13.752561,11.401995,15.983945
2022-06-29,352,13.731797,11.37075,15.892867
2022-06-30,352,13.792694,11.410507,15.927988
2022-07-01,352,13.803716,11.445367,15.856106
2022-07-02,352,13.755002,11.403389,15.703207
2022-07-03,352,13.678814,11.419354,15.524541
2022-07-04,352,13.418713,11.2706585,15.021503
2022-07-05,352,13.252269,11.214866,14.71534
2022-07-06,352,13.176437,11.341159,14.923849
2022-07-07,352,13.086779,11.446411,15.081212
2022-07-08,352,13.157074,11.660425,15.288843
2022-07-09,352,13.337438,11.469245,15.442248
2022-07-10,352,13.516171,11.379786,15.804005
2022-07-11,352,13.828343,11.418325,16.106031
2022-07-12,352,14.202665,11.67802,16.702301
2022-07-13,352,14.261577,11.750969,16.905655
2022-07-14,352,14.128231,11.621906,16.640205
2022-07-15,352,13.967462,11.515669,16.33199
2022-07-16,352,13.824249,11.431646,15.999823
2022-07-17,352,13.736968,11.48543,15.656887
2022-07-18,352,13.591123,11.476531,15.234634
2022-07-19,352,13.330057,11.43221,15.129664
2022-07-20,352,13.246074,11.65836,15.253262
2022-07-21,352,13.299289,11.726064,15.4548855
2022-07-22,352,13.39517,11.547747,15.467655
2022-07-23,352,13.574692,11.444502,15.620316
2022-07-24,352,13.869265,11.591188,15.922098
2022-07-25,352,13.992575,11.64665,16.168571
2022-07-26,352,14.003868,11.62286,16.19734
2022-07-27,352,13.934951,11.575058,16.114786
2022-07-28,352,13.924694,11.559517,16.074537
2022-07-29,352,13.892356,11.57922,15.969322
2022-07-30,352,13.86195,11.629782,15.858316
2022-07-31,352,13.654558,11.478762,15.564062
2022-08-01,352,13.386934,11.324288,15.144979
2022-08-02,352,13.185662,11.248638,14.643249
2022-08-03,352,13.254931,11.504379,14.978746
2022-08-04,352,13.388584,11.861111,15.404219
2022-08-05,352,13.522926,11.94093,15.701726
2022-08-06,352,13.547507,11.692387,15.881762
2022-08-07,352,13.685253,11.506661,16.092005
2022-08-08,352,13.794796,11.525995,16.20246
2022-08-09,352,13.8558235,11.471344,16.362825
2022-08-10,352,13.87554,11.535206,16.397102
2022-08-11,352,13.8324,11.472612,16.271296
2022-08-12,352,13.82207,11.490364,16.14646
2022-08-13,352,13.639117,11.399454,15.784533
2022-08-14,352,13.489315,11.35677,15.389408
2022-08-15,352,13.409046,11.418782,15.035332
2022-08-16,352,13.347796,11.563143,15.104504
2022-08-17,352,13.4223995,11.90542,15.351505
2022-08-18,352,13.490415,11.831267,15.492378
2022-08-19,352,13.600724,11.695429,15.69017
2022-08-20,352,13.764745,11.644665,15.884479
2022-08-21,352,13.941419,11.704308,15.874117
2022-08-22,352,13.797117,11.635044,15.953299
2022-08-23,352,13.706918,11.4192705,15.718489
2022-08-24,352,13.873936,11.576515,15.897009
2022-08-25,352,13.874532,11.682607,15.955737
2022-08-26,352,13.751145,11.562921,15.752981
2022-08-27,352,13.795272,11.669603,15.678345
2022-08-28,352,13.842135,11.7813,15.661434
2022-08-29,352,13.730516,11.769083,15.407709
2022-08-30,352,13.585545,11.744186,15.089792
2022-08-31,352,13.441219,11.7519455,15.138411
2022-09-01,352,13.362881,11.784306,15.271456
2022-09-02,352,13.485507,11.669941,15.570815
2022-09-03,352,13.473695,11.54426,15.634125
2022-09-04,352,13.511171,11.306811,15.821474
2022-09-05,352,13.677655,11.329283,16.109045
2022-09-06,352,13.868618,11.513761,16.129026
2022-09-07,352,13.881636,11.627215,16.263817
2022-09-08,352,13.815792,11.610233,16.066528
2022-09-09,352,14.001999,11.803745,16.075233
2022-09-10,352,14.087721,12.017888,16.072287
2022-09-11,352,13.753084,11.79571,15.569468
2022-09-12,352,13.611238,11.816131,15.249924
2022-09-13,352,13.661508,12.00861,15.4282875
2022-09-14,352,13.636597,11.942059,15.424158
2022-09-15,352,13.475327,11.694852,15.317387
2022-09-16,352,13.453858,11.49728,15.357756
2022-09-17,352,13.626041,11.461569,15.578179
2022-09-18,352,13.865258,11.5843935,15.641856
2022-09-19,352,13.691532,11.598122,15.420538
2022-09-20,352,13.563129,11.477533,15.432981
2022-09-21,352,13.538479,11.462498,15.352119
2022-09-22,352,13.368312,11.381529,15.279318
2022-09-23,352,13.23731,11.263028,15.056489
2022-09-24,352,13.235783,11.309139,14.948732
2022-09-25,352,13.382828,11.524418,14.94215
2022-09-26,352,13.513462,11.7710905,15.053799
2022-09-27,352,13.517169,11.919762,15.152407
2022-09-28,352,13.36509,11.717906,15.117048
2022-09-29,352,13.206183,11.410497,15.105843
2022-09-30,352,13.322928,11.203056,15.462316
2022-10-01,352,13.76149,11.408709,16.008192
2022-10-02,352,13.883932,11.634104,15.904977
2022-10-03,352,13.682834,11.420895,15.730117
2022-10-04,352,13.4955,11.35673,15.478531
2022-10-05,352,13.334623,11.267194,15.527953
2022-10-06,352,13.244861,11.214224,15.247425
2022-10-07,352,13.294979,11.315086,15.115932
2022-10-08,352,13.432577,11.576956,15.028528
2022-10-09,352,13.59296,11.845011,15.23619
2022-10-10,352,13.564456,11.849941,15.343083
2022-10-11,352,13.590767,11.698561,15.510881
2022-10-12,352,13.618118,11.649676,15.600536
2022-10-13,352,13.63392,11.598657,15.575038
2022-10-14,352,13.684397,11.4569645,15.670126
2022-10-15,352,13.93956,11.620198,15.804979
2022-10-16,352,13.779109,11.719178,15.176925
2022-10-17,352,13.304631,11.224167,14.710874
2022-10-18,352,13.045836,11.0231,14.496105
2022-10-19,352,12.965231,10.966667,14.470507
2022-10-20,352,13.099463,11.159216,14.601024
2022-10-21,352,13.334137,11.451794,14.763839
2022-10-22,352,13.549056,11.859275,15.057376
2022-10-23,352,13.2337265,11.552504,14.76254
2022-10-24,352,13.027531,11.246754,14.740627
2022-10-25,352,13.099213,11.236227,15.038761
2022-10-26,352,13.214795,11.226388,15.270812
2022-10-27,352,13.221019,11.123693,15.393145
2022-10-28,352,13.350081,11.058441,15.552541
2022-10-29,352,13.39656,11.081291,15.568557
2022-10-30,352,13.414622,11.0493355,15.543403
2022-10-31,352,13.396971,11.047712,15.403215
2022-11-01,352,13.494171,11.1404085,15.334011
2022-11-02,352,13.234032,11.266941,14.799479
2022-11-03,352,12.85155,10.982805,14.737356
2022-11-04,352,12.667537,10.849613,14.310826
2022-11-05,352,12.759831,11.029617,14.542294
2022-11-06,352,13.137315,11.500841,15.028238
2022-11-07,352,13.436387,11.494434,15.328326
2022-11-08,352,13.689047,11.439283,15.855638
2022-11-09,352,13.6606,11.6930685,15.592192
2022-11-10,352,13.257511,11.217229,15.227101
2022-11-11,352,13.244508,10.942455,15.267511
2022-11-12,352,13.390446,11.016243,15.349194
2022-11-13,352,13.271487,11.062984,14.97422
2022-11-14,352,12.996629,10.8109865,14.472283
2022-11-15,352,12.758564,10.573388,14.122147
2022-11-16,352,12.49257,10.504644,13.821568
2022-11-17,352,12.336149,10.44359,13.807443
2022-11-18,352,12.463242,10.673456,14.07222
2022-11-19,352,12.500933,10.951981,14.158878
2022-11-20,352,12.528479,11.045954,14.322655
2022-11-21,352,12.723099,10.971325,14.680904
2022-11-22,352,12.989483,11.017862,15.120137
2022-11-23,352,13.211147,11.014102,15.463112
2022-11-24,352,13.331904,11.060831,15.617853
2022-11-25,352,13.419322,10.980986,15.737801
2022-11-26,352,13.548661,11.04461,15.886589
2022-11-27,352,13.571855,11.143036,15.784762
2022-11-28,352,13.600395,11.180273,15.732937
2022-11-29,352,13.321424,11.243161,14.977677
2022-11-30,352,12.957589,10.932382,14.388332
2022-12-01,352,13.008445,11.006231,14.897558
2022-12-02,352,12.828426,11.182301,14.676516
2022-12-03,352,12.90966,11.319134,14.91291
2022-12-04,352,13.386804,11.634155,15.501831
2022-12-05,352,13.591866,11.574223,15.716868
2022-12-06,352,13.65528,11.481578,15.751879
2022-12-07,352,13.585765,11.416279,15.7048435
2022-12-08,352,13.535935,11.253129,15.701973
2022-12-09,352,13.644481,11.316359,15.770092
2022-12-10,352,14.263414,11.338534,16.701046
2022-12-11,352,14.410175,12.092682,16.283981
2022-12-12,352,13.934387,11.960367,15.5865135
2022-12-13,352,13.561507,11.4683075,15.080126
2022-12-14,352,13.110577,11.176132,14.338917
2022-12-15,352,12.696325,10.784441,14.11682
2022-12-16,352,12.468982,10.752621,14.097675
2022-12-17,352,12.480629,10.854098,14.387275
2022-12-18,352,12.741047,11.309565,14.810274
2022-12-19,352,12.707556,10.943063,14.789168
2022-12-20,352,12.922352,10.938245,15.169628
2022-12-21,352,13.204227,10.962677,15.556776
2022-12-22,352,13.387771,10.9607935,15.795698
2022-12-23,352,13.582205,11.013975,16.074474
2022-12-24,352,13.490841,11.108791,15.875792
2022-12-25,352,13.331636,10.984672,15.643154
2022-12-26,352,13.337238,10.96899,15.545181
2022-12-27,352,13.811034,11.202213,15.898056
2022-12-28,352,13.733641,11.7669935,15.158833
2022-12-29,352,13.397323,11.467336,15.133909
2022-12-30,352,13.661389,11.7204075,15.593121
2022-12-31,352,16.18359,14.044804,18.298576
2023-01-01,352,15.331358,13.2031555,16.84872
2023-01-02,352,14.747374,12.945734,16.810104
2023-01-03,352,14.843179,12.821632,16.827148
2023-01-04,352,14.932819,12.832189,17.02609
2023-01-05,352,15.968968,13.200956,18.012598
2023-01-06,352,15.23897,13.266029,17.015188
2023-01-07,352,15.104961,12.765846,17.111496
2023-01-08,352,15.426461,13.138412,17.101341
2023-01-09,352,15.710541,13.176601,17.344765
2023-01-10,352,15.919651,13.741511,17.214771
2023-01-11,352,15.327582,13.804598,16.41998
2023-01-12,352,15.067455,13.528689,16.25195
2023-01-13,352,15.063502,13.4615345,16.562826
2023-01-14,352,15.431808,13.714148,17.092688
2023-01-15,352,15.487637,14.482315,17.237291
2023-01-16,352,15.731877,14.386624,17.842785
2023-01-17,352,15.521849,13.753777,17.484282
2023-01-18,352,15.422428,13.412856,17.448807
2023-01-19,352,15.582857,13.258062,17.742985
2023-01-20,352,15.378719,13.103371,17.658411
2023-01-21,352,15.176601,12.912466,17.516132
2023-01-22,352,15.036362,12.762445,17.389587
2023-01-23,352,14.821557,12.664139,17.00037
2023-01-24,352,14.446982,12.505962,16.266277
2023-01-25,352,14.135746,12.200629,15.66704
2023-01-26,352,13.799286,12.021459,15.580786
2023-01-27,352,13.599503,11.864153,15.565067
2023-01-28,352,13.647948,12.216258,15.745031
2023-01-29,352,13.825066,12.066801,15.9918165
2023-01-30,352,13.73055,11.685669,15.743587
2023-01-31,352,13.735583,11.494617,15.70945
2023-02-01,352,13.714329,11.364875,15.660103
2023-02-02,352,13.670767,11.346111,15.603752
2023-02-03,352,13.86213,11.367847,15.911582
2023-02-04,352,13.773402,11.5190115,15.771513
2023-02-05,352,14.047386,11.766902,16.032692
2023-02-06,352,13.519567,11.728056,15.34746
2023-02-07,352,13.2432575,11.295488,14.9791155
2023-02-08,352,13.092164,11.171332,14.714982
2023-02-09,352,13.0147705,11.21099,14.426888
2023-02-10,352,13.054719,11.294221,14.570583
2023-02-11,352,13.118707,11.6235485,14.950455
2023-02-12,352,13.14276,11.707374,15.063914
2023-02-13,352,13.348263,11.709402,15.450938
2023-02-14,352,13.269829,11.229385,15.355933
2023-02-15,352,13.284806,11.038988,15.421675
2023-02-16,352,13.431651,11.033069,15.640009
2023-02-17,352,13.590183,11.189369,15.862049
2023-02-18,352,13.738729,11.415354,16.085663
2023-02-19,352,13.752875,11.400679,16.061863
2023-02-20,352,13.581963,11.511047,15.688547
2023-02-21,352,13.708182,11.422928,15.854962
2023-02-22,352,13.714571,11.830532,15.366071
2023-02-23,352,13.454695,11.736185,15.237324
2023-02-24,352,13.632756,11.920703,15.658094
2023-02-25,352,13.411421,11.7771225,15.504656
2023-02-26,352,13.417403,11.70354,15.470968
2023-02-27,352,13.597082,11.77071,15.535998
2023-02-28,352,13.763529,11.79776,15.595469
2023-03-01,352,13.950712,11.581815,15.700729
2023-03-02,352,13.557522,11.260172,15.240072
2023-03-03,352,13.417509,11.274389,15.14879
2023-03-04,352,13.734482,11.621237,15.74544
2023-03-05,352,13.899432,11.731905,15.683445
2023-03-06,352,13.605809,11.68056,15.359093
2023-03-07,352,13.479245,11.555586,15.218623
2023-03-08,352,13.591314,11.665293,15.167696
2023-03-09,352,13.497521,11.873426,14.953428
2023-03-10,352,14.552156,12.562723,16.276342
2023-03-11,352,14.525931,13.024603,16.174278
2023-03-12,352,14.613378,13.176531,16.261356
2023-03-13,352,14.737803,13.179552,16.497444
2023-03-14,352,15.258211,14.258092,16.821182
2023-03-15,352,15.350523,13.62356,16.959835
2023-03-16,352,15.1552515,13.265713,16.789062
2023-03-17,352,15.304594,13.318896,16.990028
2023-03-18,352,15.451701,13.45634,17.166225
2023-03-19,352,15.94804,14.045727,17.861923
2023-03-20,352,16.022295,14.099926,17.752478
2023-03-21,352,15.947569,14.090387,17.492962
2023-03-22,352,16.073347,14.379509,17.805653
2023-03-23,352,15.657318,14.030844,17.481533
2023-03-24,352,15.11498,13.420326,17.112804
2023-03-25,352,14.620078,12.87407,16.506828
2023-03-26,352,14.307619,12.537689,16.086658
2023-03-27,352,14.215316,12.52332,15.800331
2023-03-28,352,14.620841,13.029426,16.116177
2023-03-29,352,14.60849,12.775978,15.862014
2023-03-30,352,14.460741,12.66687,15.606213
2023-03-31,352,14.296787,12.50074,15.430719
2023-04-01,352,14.261388,12.553778,15.518726
2023-04-02,352,14.384933,12.782622,15.684373
2023-04-03,352,14.458221,12.658293,15.863049
2023-04-04,352,14.106916,12.477724,15.573557
2023-04-05,352,13.958095,12.478476,15.441637
2023-04-06,352,14.0561075,12.494436,15.574839
2023-04-07,352,14.266907,12.571768,15.954771
2023-04-08,352,14.328033,12.442693,16.222805
2023-04-09,352,14.277837,12.2741375,16.224113
2023-04-10,352,14.380012,12.318056,16.310648
2023-04-11,352,14.503898,12.416735,16.417316
2023-04-12,352,14.4062605,12.251788,16.22295
2023-04-13,352,14.231783,12.09531,15.824661
2023-04-14,352,14.297679,12.1549635,15.846163
2023-04-15,352,14.212505,12.145384,15.7177305
2023-04-16,352,14.30384,12.416674,15.827454
2023-04-17,352,14.520055,12.796276,16.0556
2023-04-18,352,14.584086,12.836243,16.481705
2023-04-19,352,14.431898,12.6649065,16.32371
2023-04-20,352,14.280631,12.361986,16.244625
2023-04-21,352,14.256221,12.216618,16.241032
2023-04-22,352,14.425129,12.257143,16.35101
2023-04-23,352,14.631075,12.469532,16.536766
2023-04-24,352,14.510583,12.290611,16.396618
2023-04-25,352,14.26651,12.144247,15.890267
2023-04-26,352,14.075842,12.035846,15.540533
2023-04-27,352,13.965726,11.990103,15.157257
2023-04-28,352,13.995437,12.166634,15.212696
2023-04-29,352,14.098991,12.398308,15.422038
2023-04-30,352,14.240141,12.675337,15.560268
2023-05-01,352,14.353413,12.783636,15.910094
2023-05-02,352,14.3645,12.917585,16.045845
2023-05-03,352,14.366614,12.849065,16.132074
2023-05-04,352,14.549809,12.725739,16.412197
2023-05-05,352,14.615997,12.553282,16.654041
2023-05-06,352,14.666299,12.479372,16.730736
2023-05-07,352,14.689409,12.38487,16.85847
2023-05-08,352,14.733756,12.394388,16.876513
2023-05-09,352,14.809182,12.419647,16.88514
2023-05-10,352,14.78455,12.36158,16.883923
2023-05-11,352,14.51598,12.156641,16.369858
2023-05-12,352,14.238903,11.9764805,15.82941
2023-05-13,352,14.099797,12.034328,15.586979
2023-05-14,352,14.417896,12.693119,15.793178
2023-05-15,352,14.57928,12.851138,16.42101
2023-05-16,352,14.5463085,12.952591,16.518713
2023-05-17,352,14.740217,12.8678875,16.727814
2023-05-18,352,14.927684,12.834465,17.088867
2023-05-19,352,14.990638,12.772161,17.142488
2023-05-20,352,14.928909,12.570124,17.09323
2023-05-21,352,14.892934,12.47394,16.96592
2023-05-22,352,14.92165,12.4987135,16.855206
2023-05-23,352,14.983115,12.598223,16.799854
2023-05-24,352,14.83845,12.4879875,16.547771
2023-05-25,352,14.67926,12.527945,16.105307
2023-05-26,352,14.42184,12.386803,15.771179
2023-05-27,352,14.177759,12.376823,15.696396
2023-05-28,352,14.119648,12.507616,15.770262
2023-05-29,352,14.263846,12.8826275,15.90414
2023-05-30,352,14.378597,13.092062,16.262209
2023-05-31,352,14.4266815,12.821957,16.366465
2023-06-01,352,14.559511,12.662602,16.610792
2023-06-02,352,14.675071,12.525275,16.872215
2023-06-03,352,14.740295,12.369033,16.985287
2023-06-04,352,14.941077,12.392216,17.190845
2023-06-05,352,15.306769,12.669311,17.5752
2023-06-06,352,15.44566,12.817042,17.874313
2023-06-07,352,15.208605,12.63591,17.500645
2023-06-08,352,14.808175,12.294877,16.855497
2023-06-09,352,14.514177,12.152456,16.27423
2023-06-10,352,14.3485155,12.213532,16.163599
2023-06-11,352,14.346034,12.516823,16.247272
2023-06-12,352,14.298536,12.619717,16.428308
2023-06-13,352,14.289586,12.681216,16.502008
2023-06-14,352,14.412709,12.423609,16.555012
2023-06-15,352,14.656115,12.444675,16.862278
2023-06-16,352,14.7582855,12.397571,17.00145
2023-06-17,352,14.697985,12.216007,16.941832
2023-06-18,352,14.755127,12.198156,16.957445
2023-06-19,352,14.62512,12.054583,16.907106
2023-06-20,352,14.166331,11.652609,16.301998
2023-06-21,352,13.901438,11.457039,15.78046
2023-06-22,352,13.989599,11.660366,15.735409
2023-06-23,352,13.778027,11.536406,15.3615
2023-06-24,352,13.463294,11.389008,14.868679
2023-06-25,352,13.190758,11.318855,14.856207
2023-06-26,352,13.140231,11.556647,15.060072
2023-06-27,352,13.311491,12.06571,15.428589
2023-06-28,352,13.597716,12.002966,15.602122
2023-06-29,352,13.841187,11.893025,15.931305
2023-06-30,352,14.050177,11.769608,16.326862
2023-07-01,352,14.204201,11.777035,16.617596
2023-07-02,352,14.335713,11.76573,16.799183
2023-07-03,352,14.535252,11.927432,17.02975
2023-07-04,352,14.579227,11.935812,17.0679
2023-07-05,352,14.522047,11.896257,16.953543
2023-07-06,352,14.333004,11.802813,16.601439
2023-07-07,352,14.083939,11.693186,16.106146
2023-07-08,352,13.770084,11.547098,15.374511
2023-07-09,352,13.530558,11.544998,15.436167
2023-07-10,352,13.277699,11.5878315,15.449474
2023-07-11,352,13.399474,11.703147,15.680668
2023-07-12,352,13.720353,11.692369,15.793135
2023-07-13,352,13.909297,11.672659,16.151949
2023-07-14,352,14.033398,11.642167,16.283052
2023-07-15,352,14.105975,11.670146,16.365253
2023-07-16,352,14.154223,11.626654,16.330053
2023-07-17,352,14.345882,11.861158,16.545023
2023-07-18,352,14.334459,11.90332,16.503805
2023-07-19,352,14.165247,11.751314,16.238478
2023-07-20,352,14.035561,11.69322,16.015053
2023-07-21,352,13.868389,11.622793,15.592541
2023-07-22,352,13.752493,11.615856,15.245497
2023-07-23,352,13.678173,11.72492,15.238459
2023-07-24,352,13.488341,11.751119,15.210989
2023-07-25,352,13.290039,11.8603115,15.282044
2023-07-26,352,13.503146,11.875458,15.757517
2023-07-27,352,13.776424,11.794216,16.180342
2023-07-28,352,13.937183,11.777991,16.183613
2023-07-29,352,14.055946,11.661019,16.371365
2023-07-30,352,14.129204,11.604778,16.595802
2023-07-31,352,14.192392,11.652401,16.731617
2023-08-01,352,14.303661,11.788018,16.81532
2023-08-02,352,14.282664,11.782522,16.714096
2023-08-03,352,14.104621,11.707094,16.381485
2023-08-04,352,13.869755,11.580318,15.860934
2023-08-05,352,13.698133,11.537188,15.364854
2023-08-06,352,13.490844,11.542222,15.379217
2023-08-07,352,13.443142,11.842696,15.639494
2023-08-08,352,13.8315735,11.970229,16.162086
2023-08-09,352,14.032097,12.021306,16.308619
2023-08-10,352,14.137059,11.891348,16.292631
2023-08-11,352,14.13285,11.836805,16.356703
2023-08-12,352,14.08612,11.747209,16.281288
2023-08-13,352,14.101246,11.732521,16.265884
2023-08-14,352,14.120006,11.800758,16.266352
2023-08-15,352,14.090315,11.794418,16.180069
2023-08-16,352,14.077555,11.830144,16.089912
2023-08-17,352,14.121623,11.900368,16.00715
2023-08-18,352,14.174229,12.100316,15.940563
2023-08-19,352,14.095814,12.113443,15.660387
2023-08-20,352,13.911227,12.066965,15.400278
2023-08-21,352,13.822681,12.2246065,15.441628
2023-08-22,352,13.545997,12.142684,15.380598
2023-08-23,352,13.587234,11.9448395,15.651234
2023-08-24,352,14.032036,11.874006,16.372406
2023-08-25,352,14.244456,11.997278,16.484955
2023-08-26,352,14.155186,11.857716,16.380615
2023-08-27,352,14.02502,11.691639,16.435335
2023-08-28,352,13.931207,11.593189,16.373362
2023-08-29,352,13.877542,11.572297,16.298307
2023-08-30,352,13.82863,11.551177,16.08959
2023-08-31,352,14.001873,11.736413,16.01659
2023-09-01,352,14.221574,12.096549,16.11275
2023-09-02,352,13.941425,11.966892,15.576033
2023-09-03,352,13.735012,11.936344,15.616346
2023-09-04,352,13.731568,11.949852,15.801002
2023-09-05,352,13.786714,11.9290495,15.932768
2023-09-06,352,13.983761,11.787653,16.188889
2023-09-07,352,14.00683,11.823399,15.954494
2023-09-08,352,13.871839,11.634113,15.826836
2023-09-09,352,13.791165,11.607534,15.83618
2023-09-10,352,13.820444,11.619828,15.693941
2023-09-11,352,13.715236,11.589551,15.692667
2023-09-12,352,13.726024,11.67325,15.689192
2023-09-13,352,13.689869,11.707115,15.495858
2023-09-14,352,13.770255,11.812901,15.470831
2023-09-15,352,13.823102,11.983599,15.459613
2023-09-16,352,13.791965,12.05708,15.282839
2023-09-17,352,13.83352,12.211088,15.496329
2023-09-18,352,13.769349,12.180201,15.511534
2023-09-19,352,13.739531,11.934879,15.686876
2023-09-20,352,13.925451,11.897811,16.04588
2023-09-21,352,14.156598,12.034271,16.26458
2023-09-22,352,14.1244755,11.890997,16.111334
2023-09-23,352,14.030091,11.726257,16.01145
2023-09-24,352,13.908735,11.657021,16.039219
2023-09-25,352,13.749825,11.624531,16.069803
2023-09-26,352,13.577486,11.47276,15.8433895
2023-09-27,352,13.507426,11.405455,15.564589
2023-09-28,352,13.5592,11.533702,15.481309
2023-09-29,352,13.61776,11.673257,15.414923
2023-09-30,352,13.804865,11.903652,15.66766
2023-10-01,352,13.834621,11.799387,15.879011
2023-10-02,352,13.828624,11.791725,15.924208
2023-10-03,352,13.81168,11.650899,15.931097
2023-10-04,352,13.766638,11.557314,15.778591
2023-10-05,352,13.654553,11.447859,15.42378
2023-10-06,352,13.592451,11.284316,15.32572
2023-10-07,352,13.555215,11.385248,15.173069
2023-10-08,352,13.616576,11.450143,15.301813
2023-10-09,352,13.706595,11.724008,15.407877
2023-10-10,352,13.760886,11.822434,15.389069
2023-10-11,352,13.7560005,11.964042,15.426136
2023-10-12,352,13.553229,11.794036,15.102993
2023-10-13,352,13.576702,11.942764,15.21587
2023-10-14,352,13.684741,11.9434185,15.386257
2023-10-15,352,13.6631155,11.857286,15.494513
2023-10-16,352,13.774038,11.787392,15.731903
2023-10-17,352,13.808985,11.692624,15.842739
2023-10-18,352,13.866117,11.611488,15.950521
2023-10-19,352,13.932064,11.553801,16.073215
2023-10-20,352,14.279083,11.672448,16.455303
2023-10-21,352,14.310884,11.95155,16.162006
2023-10-22,352,14.137728,11.821113,15.948596
2023-10-23,352,13.878293,11.790208,15.664472
2023-10-24,352,13.732486,11.684725,15.684275
2023-10-25,352,13.691275,11.768247,15.521856
2023-10-26,352,13.548423,11.752762,15.255754
2023-10-27,352,13.483982,11.649937,15.395611
2023-10-28,352,13.5636215,11.647907,15.575752
2023-10-29,352,13.591234,11.5150175,15.701754
2023-10-30,352,13.601772,11.403102,15.762111
2023-10-31,352,13.684311,11.328331,15.850987
2023-11-01,352,13.686143,11.319302,15.754009
2023-11-02,352,13.676744,11.284229,15.605877
2023-11-03,352,13.53081,11.195582,15.274203
2023-11-04,352,13.45638,11.20497,14.970559
2023-11-05,352,13.337451,11.220819,14.717215
2023-11-06,352,13.302261,11.39049,14.84136
2023-11-07,352,13.103817,11.343805,14.693766
2023-11-08,352,12.853622,11.20924,14.511394
2023-11-09,352,12.859102,11.31283,14.611375
2023-11-10,352,13.032382,11.488094,14.887075
2023-11-11,352,13.221943,11.383888,15.113436
2023-11-12,352,13.463894,11.4430485,15.470253
2023-11-13,352,13.77005,11.50795,15.917282
2023-11-14,352,13.939692,11.57293,16.15487
2023-11-15,352,13.98692,11.575672,16.271545
2023-11-16,352,14.095339,11.641104,16.334145
2023-11-17,352,14.117916,11.617249,16.25665
2023-11-18,352,14.336962,11.702702,16.411556
2023-11-19,352,13.788842,11.793728,15.193619
2023-11-20,352,13.120535,11.07737,14.53414
2023-11-21,352,12.7737665,10.860098,14.43791
2023-11-22,352,12.881165,10.971062,14.770883
2023-11-23,352,13.287912,11.565852,15.319212
2023-11-24,352,13.52037,11.657499,15.613623
2023-11-25,352,13.588261,11.456988,15.744127
2023-11-26,352,13.725057,11.494572,15.937208
2023-11-27,352,13.850891,11.480185,16.099506
2023-11-28,352,13.844929,11.444476,16.094395
2023-11-29,352,13.926742,11.433113,16.182957
2023-11-30,352,13.987817,11.525938,16.13112
2023-12-01,352,13.794431,11.570211,15.600338
2023-12-02,352,13.459187,11.265665,15.054649
2023-12-03,352,13.148998,11.020813,14.472202
2023-12-04,352,12.911766,10.895592,14.3356695
2023-12-05,352,12.755589,10.928812,14.379036
2023-12-06,352,13.004168,11.198488,14.854538
2023-12-07,352,13.106666,11.610954,15.023275
2023-12-08,352,13.022012,11.368039,15.019457
2023-12-09,352,13.0339575,11.095826,15.126022
2023-12-10,352,13.107899,11.042198,15.295589
2023-12-11,352,13.4901,11.176693,15.7935705
2023-12-12,352,13.87035,11.304591,16.258755
2023-12-13,352,13.891032,11.438194,16.246048
2023-12-14,352,13.828995,11.342524,16.174599
2023-12-15,352,13.754812,11.2679825,16.069536
2023-12-16,352,13.75853,11.314213,15.95451
2023-12-17,352,13.688367,11.394125,15.606091
2023-12-18,352,13.57658,11.328901,15.414518
2023-12-19,352,13.797457,11.757597,15.516161
2023-12-20,352,13.784478,11.96225,15.878916
2023-12-21,352,13.589236,11.973974,15.768869
2023-12-22,352,13.819347,11.969124,16.117184
2023-12-23,352,13.915068,11.751181,16.194473
2023-12-24,352,13.938633,11.601742,16.22441
2023-12-25,352,13.968143,11.622822,16.257261
2023-12-26,352,13.990942,11.543578,16.268278
2023-12-27,352,14.224938,11.548267,16.608875
2023-12-28,352,14.197596,11.8742285,16.33978
2023-12-29,352,14.206635,11.709053,16.451944
2023-12-30,352,14.136262,11.991006,15.945833
2023-12-31,352,13.804529,11.697729,15.388618
2024-01-01,352,13.074274,13.074274,13.074274
