Date,channel_id,daily_avg,daily_min,daily_max
2020-01-01,187,15.9801855,15.588718,16.372002
2020-01-02,187,15.150397,14.709595,15.585959
2020-01-03,187,14.358541,14.096072,14.706473
2020-01-04,187,13.883629,13.7218895,14.093367
2020-01-05,187,13.686396,13.504173,13.945565
2020-01-06,187,13.618241,13.465633,13.814327
2020-01-07,187,13.730535,13.5637665,13.988535
2020-01-08,187,14.075955,13.92403,14.561948
2020-01-09,187,14.442281,14.226647,14.860708
2020-01-10,187,14.709278,14.490869,14.945582
2020-01-11,187,14.746124,14.518799,14.973381
2020-01-12,187,14.802855,14.587388,15.015568
2020-01-13,187,14.865021,14.685884,15.038042
2020-01-14,187,14.855953,14.6665535,15.053229
2020-01-15,187,14.733601,14.530864,14.9130535
2020-01-16,187,14.538613,14.411406,14.657438
2020-01-17,187,14.526249,14.412694,14.647411
2020-01-18,187,14.256731,14.128571,14.428864
2020-01-19,187,13.93066,13.746449,14.202848
2020-01-20,187,13.756702,13.540691,13.998175
2020-01-21,187,14.002708,13.829206,14.454947
2020-01-22,187,14.404282,14.209493,14.752497
2020-01-23,187,14.505761,14.271383,14.764137
2020-01-24,187,14.5278015,14.33411,14.779034
2020-01-25,187,14.687244,14.497833,14.911638
2020-01-26,187,14.835153,14.658567,15.012602
2020-01-27,187,14.6630945,14.333012,15.044838
2020-01-28,187,14.143348,13.78822,14.486442
2020-01-29,187,13.757197,13.556946,13.934392
2020-01-30,187,13.464451,13.222368,13.64637
2020-01-31,187,13.376856,13.221161,13.466989
2020-02-01,187,13.618546,13.457427,13.839916
2020-02-02,187,13.941137,13.740013,14.316136
2020-02-03,187,14.299496,14.107283,14.593533
2020-02-04,187,14.449282,14.2747555,14.632479
2020-02-05,187,14.525075,14.319191,14.860244
2020-02-06,187,14.73907,14.524695,15.086678
2020-02-07,187,15.011932,14.811647,15.410067
2020-02-08,187,15.291499,15.106009,15.621151
2020-02-09,187,15.400221,15.211382,15.620888
2020-02-10,187,15.237791,15.038231,15.486761
2020-02-11,187,15.12194,14.948056,15.31377
2020-02-12,187,15.103251,14.987707,15.224312
2020-02-13,187,15.074169,14.964657,15.190165
2020-02-14,187,15.10181,14.970023,15.242811
2020-02-15,187,15.125713,14.989488,15.259932
2020-02-16,187,15.034703,14.8822365,15.155746
2020-02-17,187,14.974467,14.800922,15.158163
2020-02-18,187,15.062901,14.898864,15.307899
2020-02-19,187,15.176388,15.012133,15.393944
2020-02-20,187,15.219681,15.057521,15.390682
2020-02-21,187,15.222109,15.0522175,15.439795
2020-02-22,187,15.356857,15.223051,15.645857
2020-02-23,187,15.49093,15.355347,15.64405
2020-02-24,187,15.297808,15.0935545,15.574886
2020-02-25,187,14.949358,14.762266,15.195628
2020-02-26,187,14.698445,14.555298,14.868264
2020-02-27,187,14.525423,14.425538,14.644432
2020-02-28,187,14.580242,14.456911,14.712718
2020-02-29,187,14.885734,14.66353,15.097143
2020-03-01,187,15.126558,14.981058,15.283218
2020-03-02,187,15.095049,14.975138,15.198208
2020-03-03,187,15.076466,14.877663,15.300364
2020-03-04,187,15.227098,15.02242,15.500588
2020-03-05,187,15.492216,15.302195,15.817529
2020-03-06,187,15.809055,15.6477785,16.116081
2020-03-07,187,16.04486,15.915791,16.235674
2020-03-08,187,16.067518,15.950591,16.199211
2020-03-09,187,15.869254,15.7258,16.056583
2020-03-10,187,15.609155,15.458889,15.797247
2020-03-11,187,15.401301,15.273874,15.562106
2020-03-12,187,15.308075,15.224544,15.387591
2020-03-13,187,15.519832,15.331734,15.704409
2020-03-14,187,15.891334,15.700821,16.065151
2020-03-15,187,16.128624,15.990846,16.282017
2020-03-16,187,16.0514,15.8757515,16.260447
2020-03-17,187,15.821941,15.712827,15.918628
2020-03-18,187,15.627925,15.482782,15.824817
2020-03-19,187,15.365882,15.217281,15.552443
2020-03-20,187,15.135235,14.997955,15.324143
2020-03-21,187,14.871942,14.722997,15.078767
2020-03-22,187,14.843225,14.780706,14.963598
2020-03-23,187,14.970332,14.8787,15.144438
2020-03-24,187,15.110197,15.054641,15.173237
2020-03-25,187,15.077864,14.998238,15.170529
2020-03-26,187,14.989186,14.922657,15.058605
2020-03-27,187,14.982056,14.88558,15.076872
2020-03-28,187,14.934505,14.843034,15.028069
2020-03-29,187,14.867105,14.744692,14.986101
2020-03-30,187,14.823214,14.676372,14.965188
2020-03-31,187,14.733342,14.596918,14.852715
2020-04-01,187,14.742687,14.597448,14.937101
2020-04-02,187,14.7391815,14.633059,14.839546
2020-04-03,187,14.697145,14.592693,14.816177
2020-04-04,187,14.78399,14.68351,14.993565
2020-04-05,187,14.807478,14.662687,14.971342
2020-04-06,187,14.560623,14.3417015,14.947308
2020-04-07,187,14.426232,14.338817,14.534527
2020-04-08,187,14.818883,14.535585,15.161228
2020-04-09,187,15.181254,15.025113,15.33111
2020-04-10,187,15.206061,15.0380335,15.369104
2020-04-11,187,15.250706,15.06419,15.440903
2020-04-12,187,15.219672,15.036692,15.411121
2020-04-13,187,14.865494,14.571408,15.120213
2020-04-14,187,14.205386,13.8528385,14.566089
2020-04-15,187,13.794355,13.698459,13.9315405
2020-04-16,187,14.029106,13.776426,14.337442
2020-04-17,187,14.373699,14.183536,14.610432
2020-04-18,187,14.493554,14.403412,14.5781
2020-04-19,187,14.46981,14.380133,14.54088
2020-04-20,187,14.261684,14.119017,14.527408
2020-04-21,187,13.832213,13.564117,14.173048
2020-04-22,187,13.391007,13.265408,13.563026
2020-04-23,187,13.266403,13.183357,13.368212
2020-04-24,187,13.254625,13.154293,13.382485
2020-04-25,187,13.296782,13.177073,13.456526
2020-04-26,187,13.396126,13.254545,13.598339
2020-04-27,187,13.50713,13.342686,13.739395
2020-04-28,187,13.556192,13.400818,13.769209
2020-04-29,187,13.597255,13.462107,13.7923975
2020-04-30,187,13.582305,13.432122,13.769648
2020-05-01,187,13.47054,13.383244,13.579297
2020-05-02,187,13.334293,13.2613535,13.487942
2020-05-03,187,13.240375,13.180703,13.360505
2020-05-04,187,13.221108,13.137251,13.294215
2020-05-05,187,13.257191,13.167929,13.337877
2020-05-06,187,13.297291,13.196935,13.416512
2020-05-07,187,13.259938,13.157606,13.38274
2020-05-08,187,13.359394,13.189894,13.562002
2020-05-09,187,13.619544,13.383601,13.8763485
2020-05-10,187,13.935436,13.708761,14.201964
2020-05-11,187,14.401735,13.966072,14.768782
2020-05-12,187,14.709514,14.556412,14.9298935
2020-05-13,187,14.541643,14.321416,14.6411
2020-05-14,187,14.005024,13.627653,14.316727
2020-05-15,187,13.45361,13.376423,13.622234
2020-05-16,187,13.865992,13.359383,14.321873
2020-05-17,187,14.649235,14.289785,14.925243
2020-05-18,187,14.733353,14.583393,14.893794
2020-05-19,187,14.279031,14.009556,14.579953
2020-05-20,187,13.74255,13.557491,14.0063095
2020-05-21,187,13.55972,13.425318,13.731296
2020-05-22,187,13.653913,13.461745,13.904037
2020-05-23,187,13.6980715,13.530448,13.946739
2020-05-24,187,13.7268,13.525784,14.018122
2020-05-25,187,13.740956,13.551891,14.027778
2020-05-26,187,13.767757,13.564598,14.082996
2020-05-27,187,13.782276,13.584155,14.086271
2020-05-28,187,13.827784,13.594871,14.11521
2020-05-29,187,13.929903,13.76619,14.158438
2020-05-30,187,13.953729,13.85302,14.04513
2020-05-31,187,13.589966,13.495052,13.848549
2020-06-01,187,13.431447,13.315486,13.507188
2020-06-02,187,13.471462,13.368496,13.595511
2020-06-03,187,13.476355,13.363268,13.630265
2020-06-04,187,13.552047,13.397779,13.736834
2020-06-05,187,13.795338,13.532059,14.037492
2020-06-06,187,14.206577,13.935486,14.482054
2020-06-07,187,14.124477,13.782354,14.315207
2020-06-08,187,13.766954,13.517838,13.946424
2020-06-09,187,13.528376,13.373769,13.686832
2020-06-10,187,13.434627,13.327259,13.613444
2020-06-11,187,13.4252825,13.296401,13.588125
2020-06-12,187,13.397468,13.300442,13.497778
2020-06-13,187,13.306174,13.211817,13.362928
2020-06-14,187,13.183916,13.104791,13.249701
2020-06-15,187,13.149977,13.034758,13.235124
2020-06-16,187,13.226898,13.0884495,13.3604965
2020-06-17,187,13.268537,13.168359,13.410582
2020-06-18,187,13.328198,13.181759,13.496629
2020-06-19,187,13.512623,13.323868,13.73151
2020-06-20,187,13.750736,13.532364,14.026123
2020-06-21,187,13.77327,13.572746,14.032722
2020-06-22,187,13.723429,13.564419,13.98436
2020-06-23,187,13.798674,13.582381,14.08894
2020-06-24,187,13.820659,13.637277,14.090753
2020-06-25,187,13.808588,13.651348,14.0496235
2020-06-26,187,13.770781,13.629589,13.973457
2020-06-27,187,13.734865,13.610437,13.871334
2020-06-28,187,13.64918,13.500256,13.735835
2020-06-29,187,13.488442,13.354122,13.602906
2020-06-30,187,13.357653,13.266024,13.483677
2020-07-01,187,13.297099,13.191088,13.424816
2020-07-02,187,13.473154,13.261719,13.685366
2020-07-03,187,13.649937,13.478289,13.903925
2020-07-04,187,13.603411,13.447964,13.819208
2020-07-05,187,13.51669,13.3932,13.712643
2020-07-06,187,13.502554,13.377894,13.707667
2020-07-07,187,13.486488,13.355474,13.672869
2020-07-08,187,13.391501,13.279543,13.53571
2020-07-09,187,13.389023,13.267437,13.5589485
2020-07-10,187,13.33645,13.204088,13.433799
2020-07-11,187,13.191216,13.066926,13.239988
2020-07-12,187,13.067108,13.007057,13.099918
2020-07-13,187,13.097073,12.984695,13.157476
2020-07-14,187,13.2684555,13.094664,13.401358
2020-07-15,187,13.434116,13.249076,13.611674
2020-07-16,187,13.633576,13.40948,13.873142
2020-07-17,187,13.762768,13.571659,14.046404
2020-07-18,187,13.82159,13.605279,14.117037
2020-07-19,187,13.880067,13.666231,14.152124
2020-07-20,187,13.902218,13.710102,14.196955
2020-07-21,187,13.87068,13.686663,14.144642
2020-07-22,187,13.821645,13.668808,14.079811
2020-07-23,187,13.754716,13.54099,13.96006
2020-07-24,187,13.600048,13.499647,13.784912
2020-07-25,187,13.5159645,13.412873,13.622557
2020-07-26,187,13.440774,13.336382,13.497133
2020-07-27,187,13.406494,13.316107,13.4972725
2020-07-28,187,13.441571,13.299337,13.587887
2020-07-29,187,13.500511,13.333387,13.686199
2020-07-30,187,13.556566,13.40221,13.763281
2020-07-31,187,13.617886,13.468328,13.851545
2020-08-01,187,13.604821,13.467522,13.834526
2020-08-02,187,13.541031,13.415454,13.741825
2020-08-03,187,13.535677,13.414004,13.732195
2020-08-04,187,13.526416,13.408275,13.71044
2020-08-05,187,13.5085945,13.385099,13.662321
2020-08-06,187,13.404967,13.285118,13.522171
2020-08-07,187,13.298608,13.206883,13.383957
2020-08-08,187,13.242496,13.160091,13.31477
2020-08-09,187,13.222121,13.135714,13.268717
2020-08-10,187,13.225559,13.13456,13.29059
2020-08-11,187,13.28913,13.154259,13.406265
2020-08-12,187,13.360439,13.218143,13.528873
2020-08-13,187,13.378079,13.245266,13.565136
2020-08-14,187,13.446386,13.291125,13.66758
2020-08-15,187,13.5027075,13.325651,13.737723
2020-08-16,187,13.537359,13.385538,13.7653675
2020-08-17,187,13.538028,13.396904,13.760431
2020-08-18,187,13.4898205,13.375976,13.685426
2020-08-19,187,13.444837,13.337406,13.612364
2020-08-20,187,13.38263,13.2941265,13.529732
2020-08-21,187,13.350864,13.271621,13.480619
2020-08-22,187,13.271534,13.170401,13.331921
2020-08-23,187,13.122382,13.051399,13.171053
2020-08-24,187,13.138381,13.051248,13.210962
2020-08-25,187,13.22436,13.072256,13.339113
2020-08-26,187,13.408902,13.179319,13.606916
2020-08-27,187,13.541951,13.31082,13.779755
2020-08-28,187,13.59467,13.4192295,13.807762
2020-08-29,187,13.635817,13.49913,13.844255
2020-08-30,187,13.603375,13.498978,13.766375
2020-08-31,187,13.592906,13.518902,13.714079
2020-09-01,187,13.593008,13.503516,13.707778
2020-09-02,187,13.6948595,13.580057,13.848126
2020-09-03,187,13.62698,13.488642,13.726334
2020-09-04,187,13.481159,13.365095,13.555506
2020-09-05,187,13.353111,13.235305,13.432634
2020-09-06,187,13.251789,13.176581,13.319654
2020-09-07,187,13.2769165,13.185172,13.327276
2020-09-08,187,13.553913,13.280027,13.694817
2020-09-09,187,13.967801,13.69805,14.056894
2020-09-10,187,13.940694,13.6387005,14.198669
2020-09-11,187,13.594723,13.390816,13.825235
2020-09-12,187,13.630817,13.434316,13.800659
2020-09-13,187,13.7351265,13.562698,13.914747
2020-09-14,187,13.836315,13.665689,14.02379
2020-09-15,187,13.788008,13.669163,13.947088
2020-09-16,187,13.5540905,13.426014,13.668245
2020-09-17,187,13.496164,13.396902,13.602768
2020-09-18,187,13.430563,13.350149,13.526768
2020-09-19,187,13.412024,13.334498,13.470541
2020-09-20,187,13.341247,13.21581,13.470474
2020-09-21,187,13.331592,13.240627,13.430618
2020-09-22,187,13.443686,13.30088,13.582008
2020-09-23,187,13.483946,13.305831,13.653458
2020-09-24,187,13.416744,13.30711,13.573423
2020-09-25,187,13.4478245,13.331663,13.623911
2020-09-26,187,13.396563,13.269965,13.557235
2020-09-27,187,13.305951,13.212261,13.430441
2020-09-28,187,13.286564,13.217527,13.398544
2020-09-29,187,13.287455,13.219779,13.393805
2020-09-30,187,13.24081,13.171827,13.321805
2020-10-01,187,13.19692,13.13966,13.257337
2020-10-02,187,13.237485,13.1952915,13.287706
2020-10-03,187,13.252889,13.207358,13.302363
2020-10-04,187,13.296213,13.246125,13.368074
2020-10-05,187,13.316713,13.245428,13.423412
2020-10-06,187,13.371561,13.296561,13.451664
2020-10-07,187,13.717835,13.387629,14.031321
2020-10-08,187,14.305218,14.038265,14.496498
2020-10-09,187,14.687107,14.502737,14.832719
2020-10-10,187,14.785801,14.634282,14.982861
2020-10-11,187,14.667709,14.422924,14.868166
2020-10-12,187,14.32134,14.104478,14.489948
2020-10-13,187,14.111749,14.046764,14.219145
2020-10-14,187,14.049141,13.988509,14.139402
2020-10-15,187,13.92156,13.827974,14.036013
2020-10-16,187,14.092084,13.890754,14.386051
2020-10-17,187,14.513692,14.389478,14.833258
2020-10-18,187,14.92884,14.824188,15.264593
2020-10-19,187,15.26263,15.151752,15.490465
2020-10-20,187,15.507548,15.372718,15.680417
2020-10-21,187,15.686935,15.542423,15.828505
2020-10-22,187,15.840134,15.696922,15.985922
2020-10-23,187,15.921611,15.774165,16.065235
2020-10-24,187,15.874189,15.730625,16.007938
2020-10-25,187,15.814867,15.721248,15.907793
2020-10-26,187,15.727515,15.597879,15.837036
2020-10-27,187,15.49864,15.405773,15.596634
2020-10-28,187,15.303867,15.211955,15.404546
2020-10-29,187,15.165752,15.068792,15.259373
2020-10-30,187,15.127879,15.033121,15.2789955
2020-10-31,187,15.007214,14.822844,15.275803
2020-11-01,187,14.863896,14.718052,15.046046
2020-11-02,187,14.867216,14.741655,15.101974
2020-11-03,187,15.029639,14.907522,15.30488
2020-11-04,187,15.177119,15.008434,15.368077
2020-11-05,187,15.138214,14.945709,15.357158
2020-11-06,187,15.207958,15.066633,15.494324
2020-11-07,187,15.518726,15.378785,15.703719
2020-11-08,187,15.43384,15.230074,15.643799
2020-11-09,187,15.095243,14.824564,15.317905
2020-11-10,187,14.638948,14.44187,14.82206
2020-11-11,187,14.348607,14.237467,14.439446
2020-11-12,187,14.254515,14.152882,14.331388
2020-11-13,187,14.279887,14.18528,14.465149
2020-11-14,187,14.421214,14.3244,14.610843
2020-11-15,187,14.491819,14.354015,14.635403
2020-11-16,187,14.5674305,14.442261,14.77414
2020-11-17,187,14.777422,14.673728,15.179825
2020-11-18,187,15.171519,15.003839,15.434383
2020-11-19,187,15.327526,15.109993,15.552435
2020-11-20,187,15.121816,14.872528,15.363135
2020-11-21,187,14.793876,14.524843,15.016033
2020-11-22,187,14.434723,14.212347,14.611828
2020-11-23,187,14.135977,14.020171,14.259834
2020-11-24,187,13.938643,13.83037,14.033426
2020-11-25,187,13.802042,13.7206335,13.890114
2020-11-26,187,13.688267,13.527609,13.890163
2020-11-27,187,13.583295,13.457602,13.701987
2020-11-28,187,13.670254,13.551963,13.820651
2020-11-29,187,13.829406,13.712288,14.109643
2020-11-30,187,14.124595,13.981114,14.37492
2020-12-01,187,14.334379,14.188328,14.582821
2020-12-02,187,14.514659,14.354642,14.760862
2020-12-03,187,14.693965,14.534611,14.854517
2020-12-04,187,14.760245,14.598766,14.916656
2020-12-05,187,14.813585,14.667411,14.968447
2020-12-06,187,14.804862,14.645222,14.969887
2020-12-07,187,14.670787,14.518667,14.8132305
2020-12-08,187,14.474355,14.379174,14.586376
2020-12-09,187,14.306995,14.199821,14.383356
2020-12-10,187,14.344415,14.241137,14.579319
2020-12-11,187,14.607795,14.500055,14.866205
2020-12-12,187,15.000397,14.849619,15.396883
2020-12-13,187,15.45483,15.353331,15.7894745
2020-12-14,187,15.82302,15.742592,16.08959
2020-12-15,187,16.081673,16.027016,16.233047
2020-12-16,187,16.198978,16.158663,16.265228
2020-12-17,187,16.170843,16.080479,16.257399
2020-12-18,187,16.14537,16.058903,16.247143
2020-12-19,187,15.967719,15.86241,16.071856
2020-12-20,187,15.641436,15.421078,15.861675
2020-12-21,187,15.1323,14.846285,15.419533
2020-12-22,187,14.633244,14.516499,14.844239
2020-12-23,187,14.296136,14.171709,14.520184
2020-12-24,187,13.962727,13.824171,14.196284
2020-12-25,187,13.728168,13.567764,13.907216
2020-12-26,187,13.931527,13.789431,14.347912
2020-12-27,187,14.299827,14.108299,14.688463
2020-12-28,187,14.643879,14.4408245,15.109112
2020-12-29,187,14.988358,14.794909,15.290146
2020-12-30,187,15.103714,14.916395,15.29258
2020-12-31,187,14.964994,14.719151,15.293148
2021-01-01,187,14.883903,14.702929,15.089088
2021-01-02,187,14.7147,14.471247,15.004135
2021-01-03,187,14.610541,14.530613,14.716574
2021-01-04,187,14.484782,14.319285,14.712971
2021-01-05,187,14.377441,14.16539,14.543695
2021-01-06,187,13.944769,13.739948,14.163795
2021-01-07,187,13.440529,13.245386,13.737448
2021-01-08,187,13.035358,12.871763,13.243576
2021-01-09,187,13.029711,12.9433155,13.148785
2021-01-10,187,13.107504,13.002803,13.244806
2021-01-11,187,13.338589,13.248366,13.492432
2021-01-12,187,13.462299,13.379743,13.547907
2021-01-13,187,13.6277895,13.551756,13.7691765
2021-01-14,187,13.818208,13.75527,13.880702
2021-01-15,187,13.787575,13.636116,13.933676
2021-01-16,187,13.6435175,13.571747,13.743418
2021-01-17,187,13.644688,13.587645,13.728639
2021-01-18,187,13.675043,13.597263,13.720419
2021-01-19,187,13.658192,13.574974,13.747993
2021-01-20,187,13.429565,13.307127,13.572954
2021-01-21,187,13.466539,13.369518,13.709883
2021-01-22,187,13.62449,13.47986,13.844951
2021-01-23,187,14.050877,13.845346,14.454691
2021-01-24,187,14.297841,14.153152,14.493923
2021-01-25,187,14.535193,14.389701,14.867104
2021-01-26,187,14.787138,14.674251,14.961942
2021-01-27,187,14.919944,14.776123,15.242378
2021-01-28,187,15.067492,14.948395,15.348055
2021-01-29,187,15.228459,15.132504,15.442699
2021-01-30,187,15.214839,15.019382,15.454483
2021-01-31,187,15.115295,14.995748,15.243792
2021-02-01,187,15.183648,15.102667,15.259437
2021-02-02,187,15.321302,15.218521,15.420902
2021-02-03,187,15.23199,15.134748,15.335905
2021-02-04,187,14.993785,14.886509,15.13308
2021-02-05,187,14.78137,14.645172,14.913752
2021-02-06,187,14.653876,14.485818,14.804516
2021-02-07,187,14.715186,14.553865,14.966628
2021-02-08,187,14.940545,14.8203125,15.199791
2021-02-09,187,15.101074,14.980476,15.272869
2021-02-10,187,15.233492,15.152842,15.409735
2021-02-11,187,15.008348,14.740875,15.401541
2021-02-12,187,14.57429,14.3652935,14.845323
2021-02-13,187,14.482844,14.421397,14.554237
2021-02-14,187,14.489384,14.358092,14.609573
2021-02-15,187,14.321614,14.226589,14.417952
2021-02-16,187,14.161394,14.027232,14.268414
2021-02-17,187,13.820977,13.646687,14.025815
2021-02-18,187,13.512135,13.423957,13.644533
2021-02-19,187,13.371557,13.272931,13.4807625
2021-02-20,187,13.322337,13.223553,13.451887
2021-02-21,187,13.300525,13.192963,13.451894
2021-02-22,187,13.13132,13.036805,13.282675
2021-02-23,187,13.286016,13.159583,13.63452
2021-02-24,187,13.7418995,13.637193,14.063881
2021-02-25,187,14.080963,14.027669,14.226486
2021-02-26,187,14.173728,14.090548,14.256744
2021-02-27,187,14.167744,14.0556965,14.279198
2021-02-28,187,14.019878,13.89492,14.157055
2021-03-01,187,13.925949,13.869301,13.984106
2021-03-02,187,14.010462,13.909408,14.107695
2021-03-03,187,14.242393,14.08956,14.403408
2021-03-04,187,14.622857,14.369986,14.851475
2021-03-05,187,14.807512,14.650372,14.98792
2021-03-06,187,14.96334,14.748762,15.229012
2021-03-07,187,15.144344,14.965921,15.36879
2021-03-08,187,15.3144245,15.157566,15.548237
2021-03-09,187,15.4645605,15.349729,15.612055
2021-03-10,187,15.076826,14.800445,15.572767
2021-03-11,187,14.452532,14.199636,14.886812
2021-03-12,187,14.295674,14.228298,14.474138
2021-03-13,187,14.673672,14.476051,14.963379
2021-03-14,187,14.888682,14.814963,14.967445
2021-03-15,187,14.844532,14.764539,14.949015
2021-03-16,187,14.689671,14.543704,14.841171
2021-03-17,187,14.643498,14.540169,14.748848
2021-03-18,187,14.43726,14.241322,14.674529
2021-03-19,187,14.00274,13.791146,14.239704
2021-03-20,187,13.68433,13.560511,13.787257
2021-03-21,187,13.705444,13.565305,13.909856
2021-03-22,187,13.8809595,13.731123,14.0957775
2021-03-23,187,13.952632,13.849397,14.100444
2021-03-24,187,13.942351,13.842628,14.058153
2021-03-25,187,13.896263,13.791183,14.088921
2021-03-26,187,13.926098,13.807664,14.089542
2021-03-27,187,13.769889,13.618769,13.955226
2021-03-28,187,13.653482,13.608688,13.697287
2021-03-29,187,13.656658,13.603289,13.716278
2021-03-30,187,13.596175,13.517163,13.672564
2021-03-31,187,13.374751,13.225115,13.52515
2021-04-01,187,13.265969,13.128094,13.403073
2021-04-02,187,13.709625,13.311365,14.121376
2021-04-03,187,14.398251,14.088507,14.74075
2021-04-04,187,14.776618,14.594032,15.02378
2021-04-05,187,14.790955,14.664545,14.902068
2021-04-06,187,14.704134,14.60158,14.820093
2021-04-07,187,14.589913,14.482661,14.743935
2021-04-08,187,14.425661,14.322045,14.58349
2021-04-09,187,14.124592,13.974694,14.380623
2021-04-10,187,13.809276,13.665899,14.023324
2021-04-11,187,13.480739,13.328348,13.691999
2021-04-12,187,13.545266,13.350966,13.777864
2021-04-13,187,13.941789,13.7808075,14.0955925
2021-04-14,187,13.830841,13.5389595,14.096144
2021-04-15,187,13.476769,13.343079,13.603774
2021-04-16,187,13.453701,13.333725,13.650021
2021-04-17,187,13.546204,13.352915,13.797835
2021-04-18,187,13.5215845,13.40066,13.70046
2021-04-19,187,13.493262,13.266129,13.732565
2021-04-20,187,13.537884,13.394069,13.706399
2021-04-21,187,13.539448,13.378248,13.756971
2021-04-22,187,13.545285,13.461117,13.718261
2021-04-23,187,13.525851,13.431431,13.6413555
2021-04-24,187,13.8889065,13.631599,14.242539
2021-04-25,187,14.034192,13.910868,14.243329
2021-04-26,187,13.626251,13.431959,13.9641075
2021-04-27,187,13.458613,13.34889,13.601882
2021-04-28,187,13.418898,13.29067,13.582373
2021-04-29,187,13.392363,13.240696,13.580664
2021-04-30,187,13.471127,13.297783,13.711392
2021-05-01,187,13.576886,13.412949,13.835442
2021-05-02,187,13.604924,13.468387,13.827784
2021-05-03,187,13.4869795,13.411097,13.616573
2021-05-04,187,13.285454,13.2314415,13.415432
2021-05-05,187,13.166505,13.075521,13.265709
2021-05-06,187,13.198325,13.098735,13.278097
2021-05-07,187,13.18848,13.115047,13.259265
2021-05-08,187,13.089543,13.032942,13.178699
2021-05-09,187,13.058521,12.9753685,13.142254
2021-05-10,187,13.151329,13.039066,13.281953
2021-05-11,187,13.265591,13.135845,13.422974
2021-05-12,187,13.386805,13.24354,13.5715065
2021-05-13,187,13.605381,13.381133,13.84683
2021-05-14,187,13.807293,13.544424,14.061423
2021-05-15,187,14.67194,13.839457,15.1369915
2021-05-16,187,15.022592,14.772915,15.227198
2021-05-17,187,14.633109,14.28075,14.773238
2021-05-18,187,14.172393,13.946756,14.274807
2021-05-19,187,13.774406,13.593454,13.941984
2021-05-20,187,13.3861885,13.242613,13.589172
2021-05-21,187,13.116986,13.0746355,13.239618
2021-05-22,187,13.057037,12.977905,13.115086
2021-05-23,187,13.110089,13.015936,13.190327
2021-05-24,187,13.189222,13.063835,13.310564
2021-05-25,187,13.284699,13.139375,13.450342
2021-05-26,187,13.354817,13.18823,13.548333
2021-05-27,187,13.476255,13.279945,13.722523
2021-05-28,187,13.579114,13.394182,13.828646
2021-05-29,187,13.696057,13.535503,13.948072
2021-05-30,187,13.669496,13.540586,13.882326
2021-05-31,187,13.598445,13.484558,13.78359
2021-06-01,187,13.544979,13.42573,13.707486
2021-06-02,187,13.531169,13.417119,13.640584
2021-06-03,187,13.441808,13.362425,13.503971
2021-06-04,187,13.346987,13.258825,13.426723
2021-06-05,187,13.32654,13.209139,13.430672
2021-06-06,187,13.37567,13.242687,13.507353
2021-06-07,187,13.52529,13.361193,13.71039
2021-06-08,187,13.667104,13.472274,13.857513
2021-06-09,187,13.643514,13.500029,13.830141
2021-06-10,187,13.646193,13.508059,13.875336
2021-06-11,187,13.647328,13.506868,13.880687
2021-06-12,187,13.673712,13.506634,13.915735
2021-06-13,187,13.751656,13.536808,14.024101
2021-06-14,187,13.741275,13.555953,13.956518
2021-06-15,187,13.631332,13.4784355,13.829645
2021-06-16,187,13.443991,13.28044,13.545354
2021-06-17,187,13.274784,13.194838,13.372029
2021-06-18,187,13.264913,13.1366415,13.384178
2021-06-19,187,13.387595,13.2156,13.510314
2021-06-20,187,13.593837,13.390052,13.742197
2021-06-21,187,13.746585,13.552313,13.941807
2021-06-22,187,13.854653,13.667561,14.10637
2021-06-23,187,13.906674,13.668749,14.1899805
2021-06-24,187,13.968054,13.7746105,14.268724
2021-06-25,187,14.008135,13.795279,14.328676
2021-06-26,187,14.092359,13.876937,14.410379
2021-06-27,187,14.139251,13.946817,14.427619
2021-06-28,187,14.093065,13.878795,14.338799
2021-06-29,187,13.942195,13.743458,14.12669
2021-06-30,187,13.761391,13.583769,13.879351
2021-07-01,187,13.606734,13.464336,13.67906
2021-07-02,187,13.501932,13.398546,13.603775
2021-07-03,187,13.496528,13.351194,13.635733
2021-07-04,187,13.591122,13.408932,13.775786
2021-07-05,187,13.746327,13.5485735,13.979319
2021-07-06,187,13.843689,13.688444,14.099369
2021-07-07,187,13.847697,13.670015,14.123308
2021-07-08,187,13.858423,13.684429,14.147703
2021-07-09,187,13.877142,13.662009,14.171993
2021-07-10,187,13.917452,13.665819,14.234938
2021-07-11,187,14.008997,13.794565,14.309849
2021-07-12,187,14.102983,13.835657,14.402836
2021-07-13,187,14.049305,13.832224,14.279495
2021-07-14,187,13.9389105,13.768807,14.150511
2021-07-15,187,13.827199,13.640835,13.965675
2021-07-16,187,13.629311,13.443943,13.714338
2021-07-17,187,13.480595,13.354499,13.579628
2021-07-18,187,13.453328,13.326213,13.585392
2021-07-19,187,13.539393,13.351636,13.722235
2021-07-20,187,13.70944,13.485298,13.958532
2021-07-21,187,13.8306465,13.611201,14.115233
2021-07-22,187,13.927437,13.703756,14.241795
2021-07-23,187,13.96696,13.776119,14.274123
2021-07-24,187,13.982594,13.806004,14.277666
2021-07-25,187,13.990135,13.817333,14.248121
2021-07-26,187,13.98281,13.813462,14.22089
2021-07-27,187,13.855325,13.633556,14.015373
2021-07-28,187,13.638785,13.47827,13.73927
2021-07-29,187,13.56358,13.458054,13.65927
2021-07-30,187,13.578556,13.456084,13.667112
2021-07-31,187,13.604077,13.464342,13.754934
2021-08-01,187,13.596035,13.457113,13.792266
2021-08-02,187,13.612975,13.450754,13.836077
2021-08-03,187,13.677156,13.505275,13.914001
2021-08-04,187,13.8038,13.591046,14.072567
2021-08-05,187,13.8747015,13.689353,14.162489
2021-08-06,187,13.823506,13.640261,14.084856
2021-08-07,187,13.785265,13.638233,14.034687
2021-08-08,187,13.850211,13.665506,14.118544
2021-08-09,187,13.900812,13.750891,14.155514
2021-08-10,187,13.853331,13.712387,14.06201
2021-08-11,187,13.785176,13.659886,13.953482
2021-08-12,187,13.739203,13.630884,13.869915
2021-08-13,187,13.668207,13.501601,13.768229
2021-08-14,187,13.552268,13.394978,13.681044
2021-08-15,187,13.5246315,13.393297,13.668097
2021-08-16,187,13.648877,13.42969,13.838791
2021-08-17,187,13.819694,13.5918045,14.079554
2021-08-18,187,14.025427,13.711485,14.257044
2021-08-19,187,14.174493,13.972314,14.415352
2021-08-20,187,14.390484,14.042618,14.639904
2021-08-21,187,14.456434,14.322848,14.662327
2021-08-22,187,14.346983,14.199774,14.536777
2021-08-23,187,14.20529,14.052843,14.350397
2021-08-24,187,13.956654,13.748753,14.084547
2021-08-25,187,13.728638,13.56592,13.823025
2021-08-26,187,13.557171,13.4036,13.660133
2021-08-27,187,13.402152,13.267216,13.510136
2021-08-28,187,13.3537855,13.269016,13.455893
2021-08-29,187,13.421887,13.27874,13.550247
2021-08-30,187,13.62775,13.408391,13.804949
2021-08-31,187,14.062836,13.654909,14.213341
2021-09-01,187,14.481801,14.206274,14.719838
2021-09-02,187,14.285499,13.856085,14.587107
2021-09-03,187,13.788677,13.556395,14.015087
2021-09-04,187,13.6414585,13.493868,13.851438
2021-09-05,187,13.556369,13.442743,13.736389
2021-09-06,187,13.504101,13.413033,13.660067
2021-09-07,187,13.450374,13.377508,13.570207
2021-09-08,187,13.424707,13.346125,13.531305
2021-09-09,187,13.460803,13.394828,13.546277
2021-09-10,187,13.5360985,13.454184,13.614145
2021-09-11,187,13.493191,13.3553295,13.633125
2021-09-12,187,13.435439,13.334463,13.576965
2021-09-13,187,13.499298,13.3465185,13.661376
2021-09-14,187,13.682024,13.448058,13.829897
2021-09-15,187,14.112767,13.675957,14.274069
2021-09-16,187,14.51576,14.222964,14.72537
2021-09-17,187,14.647671,14.435406,14.84525
2021-09-18,187,14.53529,14.387706,14.706243
2021-09-19,187,14.012989,13.65122,14.385751
2021-09-20,187,13.485946,13.345629,13.65043
2021-09-21,187,13.299889,13.203651,13.3798065
2021-09-22,187,13.21293,13.167603,13.2591095
2021-09-23,187,13.279835,13.202613,13.331078
2021-09-24,187,13.319866,13.25701,13.398887
2021-09-25,187,13.424384,13.296024,13.476149
2021-09-26,187,13.723573,13.479556,13.855671
2021-09-27,187,13.984375,13.859911,14.105684
2021-09-28,187,14.015072,13.833756,14.218651
2021-09-29,187,13.766618,13.4892845,14.006237
2021-09-30,187,13.745403,13.489067,13.866455
2021-10-01,187,13.991909,13.766485,14.122714
2021-10-02,187,14.168703,13.977491,14.2908
2021-10-03,187,14.222692,14.1398535,14.33456
2021-10-04,187,14.433223,14.198339,14.611183
2021-10-05,187,14.738671,14.557124,14.943332
2021-10-06,187,14.984068,14.869383,15.112736
2021-10-07,187,15.054362,14.986675,15.169585
2021-10-08,187,15.07232,14.976177,15.209603
2021-10-09,187,15.109563,14.974432,15.250002
2021-10-10,187,15.101576,14.984798,15.216566
2021-10-11,187,15.1899395,15.072866,15.307058
2021-10-12,187,15.2340765,15.104498,15.358847
2021-10-13,187,15.209917,15.06933,15.335905
2021-10-14,187,15.169196,15.024229,15.295567
2021-10-15,187,14.988719,14.83683,15.100742
2021-10-16,187,14.794427,14.711124,14.874226
2021-10-17,187,14.796672,14.664784,14.947178
2021-10-18,187,15.053182,14.886205,15.213575
2021-10-19,187,15.150975,15.084127,15.209408
2021-10-20,187,15.169111,15.110031,15.311638
2021-10-21,187,15.230328,15.13678,15.393669
2021-10-22,187,15.363639,15.286417,15.658204
2021-10-23,187,15.7651415,15.660299,16.168266
2021-10-24,187,16.411848,16.16796,17.278545
2021-10-25,187,17.38248,17.275911,17.58206
2021-10-26,187,17.681421,17.582577,17.780228
2021-10-27,187,17.781273,17.779394,17.782816
2021-10-28,187,17.781277,17.781273,17.78128
2021-10-29,187,17.781277,17.781277,17.781277
2021-10-30,187,17.781277,17.781277,17.781277
2021-10-31,187,17.781277,17.781277,17.781277
2021-11-01,187,17.781277,17.781277,17.781277
2021-11-02,187,17.781277,17.781277,17.781277
2021-11-03,187,17.781277,17.781277,17.781277
2021-11-04,187,17.781277,17.781277,17.781277
2021-11-05,187,17.781277,17.781277,17.781277
2021-11-06,187,17.781277,17.781277,17.781277
2021-11-07,187,17.781277,17.781277,17.781277
2021-11-08,187,17.781277,17.781277,17.781277
2021-11-09,187,17.458567,17.134445,17.781277
2021-11-10,187,16.810486,16.486177,17.132168
2021-11-11,187,16.19189,15.8969,16.483898
2021-11-12,187,15.598886,15.300381,15.894829
2021-11-13,187,14.998243,14.69508,15.298283
2021-11-14,187,14.38188,14.067038,14.692946
2021-11-15,187,13.779429,13.592466,14.064814
2021-11-16,187,13.392173,13.26684,13.591276
2021-11-17,187,13.452187,13.401469,13.650451
2021-11-18,187,13.764092,13.654045,14.036905
2021-11-19,187,14.099308,14.030962,14.373627
2021-11-20,187,14.344716,14.245871,14.5414715
2021-11-21,187,14.450648,14.325776,14.5852375
2021-11-22,187,14.484449,14.36503,14.648093
2021-11-23,187,14.627201,14.530819,14.83115
2021-11-24,187,14.766859,14.636515,14.92659
2021-11-25,187,14.681643,14.491201,14.886165
2021-11-26,187,14.420271,14.261977,14.603134
2021-11-27,187,14.257429,14.151838,14.38656
2021-11-28,187,14.090711,13.983044,14.2037525
2021-11-29,187,13.896922,13.785287,14.005341
2021-11-30,187,13.838504,13.750967,13.947504
2021-12-01,187,13.931157,13.848857,14.11599
2021-12-02,187,14.125822,14.0356655,14.430529
2021-12-03,187,14.490299,14.362757,14.97098
2021-12-04,187,14.978882,14.852343,15.412214
2021-12-05,187,15.274166,15.096752,15.526908
2021-12-06,187,15.336105,15.145937,15.535831
2021-12-07,187,15.34499,15.162059,15.535474
2021-12-08,187,15.383216,15.20829,15.570606
2021-12-09,187,15.341841,15.1947155,15.509056
2021-12-10,187,15.16076,14.935179,15.348505
2021-12-11,187,14.836631,14.725796,14.952197
2021-12-12,187,14.823497,14.720061,15.050814
2021-12-13,187,15.205039,15.029417,15.476255
2021-12-14,187,15.529694,15.412109,15.802523
2021-12-15,187,15.808334,15.749317,15.941746
2021-12-16,187,15.950426,15.883892,16.109747
2021-12-17,187,16.035446,15.988211,16.096825
2021-12-18,187,15.92676,15.851977,16.001244
2021-12-19,187,15.794575,15.724177,15.864941
2021-12-20,187,15.832703,15.7297,16.099403
2021-12-21,187,16.039677,15.948175,16.218933
2021-12-22,187,16.159708,16.088316,16.289047
2021-12-23,187,16.273521,16.19879,16.609428
2021-12-24,187,16.614508,16.604332,16.7165
2021-12-25,187,16.713469,16.709599,16.715229
2021-12-26,187,16.762358,16.715244,16.80939
2021-12-27,187,16.830063,16.809715,16.850437
2021-12-28,187,16.863705,16.850578,16.8768
2021-12-29,187,16.873735,16.81356,16.952507
2021-12-30,187,16.930328,16.855606,17.048908
2021-12-31,187,16.8567,16.677937,17.020102
2022-01-01,187,16.78431,16.63126,16.945469
2022-01-02,187,16.735542,16.583485,16.888714
2022-01-03,187,16.61246,16.457787,16.759651
2022-01-04,187,16.46161,16.268444,16.698015
2022-01-05,187,16.133755,15.890785,16.447504
2022-01-06,187,15.678798,15.394804,16.02298
2022-01-07,187,15.216946,14.956907,15.502964
2022-01-08,187,14.891566,14.64208,15.099377
2022-01-09,187,14.404548,14.194693,14.640752
2022-01-10,187,13.919708,13.770531,14.191891
2022-01-11,187,13.572584,13.391359,13.826992
2022-01-12,187,13.513139,13.334511,13.727553
2022-01-13,187,13.720264,13.568037,14.095136
2022-01-14,187,14.112831,13.952,14.495541
2022-01-15,187,14.31041,14.104383,14.533991
2022-01-16,187,14.378252,14.188366,14.653568
2022-01-17,187,14.533642,14.35573,14.846209
2022-01-18,187,14.699093,14.517679,14.934376
2022-01-19,187,14.709124,14.473101,14.970732
2022-01-20,187,14.503416,14.250826,14.777037
2022-01-21,187,14.247472,14.051745,14.462135
2022-01-22,187,14.089469,13.9150715,14.2595
2022-01-23,187,13.9153,13.760111,14.047283
2022-01-24,187,13.622534,13.399752,13.786673
2022-01-25,187,13.28621,13.184635,13.397564
2022-01-26,187,13.154705,13.0304985,13.268882
2022-01-27,187,13.216156,13.065523,13.53552
2022-01-28,187,13.560094,13.423283,13.892827
2022-01-29,187,13.858799,13.68862,14.260741
2022-01-30,187,14.163386,13.965566,14.521362
2022-01-31,187,14.618463,14.471942,15.04992
2022-02-01,187,15.082417,14.97606,15.510089
2022-02-02,187,15.374769,15.236316,15.518551
2022-02-03,187,15.276694,15.119421,15.462938
2022-02-04,187,15.14767,15.002273,15.310383
2022-02-05,187,14.940676,14.809097,15.086009
2022-02-06,187,14.760712,14.65575,14.862802
2022-02-07,187,14.610072,14.491984,14.70027
2022-02-08,187,14.503893,14.3485985,14.640971
2022-02-09,187,14.520048,14.333,14.742374
2022-02-10,187,14.669327,14.478642,14.949295
2022-02-11,187,14.905417,14.730673,15.219974
2022-02-12,187,15.08507,14.93042,15.298101
2022-02-13,187,15.198461,15.05657,15.417971
2022-02-14,187,15.325597,15.169654,15.606506
2022-02-15,187,15.463891,15.316158,15.647297
2022-02-16,187,15.443446,15.2843685,15.630689
2022-02-17,187,15.253732,15.079459,15.488745
2022-02-18,187,14.955185,14.774117,15.192057
2022-02-19,187,14.799724,14.702682,14.906689
2022-02-20,187,14.810475,14.730086,14.875971
2022-02-21,187,14.991551,14.871521,15.119618
2022-02-22,187,15.059826,14.9125595,15.210182
2022-02-23,187,15.072383,14.923098,15.220146
2022-02-24,187,15.057159,14.899485,15.211252
2022-02-25,187,15.093923,14.900265,15.330315
2022-02-26,187,15.156982,14.974922,15.350409
2022-02-27,187,15.120836,14.949368,15.283583
2022-02-28,187,15.038262,14.87254,15.20195
2022-03-01,187,14.985436,14.830632,15.156479
2022-03-02,187,15.022328,14.91363,15.194723
2022-03-03,187,15.125614,15.044175,15.279923
2022-03-04,187,15.240012,15.160185,15.369638
2022-03-05,187,15.313845,15.235647,15.395385
2022-03-06,187,15.135714,14.980703,15.290897
2022-03-07,187,14.81881,14.666434,14.979837
2022-03-08,187,14.59739,14.472801,14.702465
2022-03-09,187,14.674709,14.463406,14.924894
2022-03-10,187,14.854207,14.696005,15.049086
2022-03-11,187,14.798954,14.678628,14.900234
2022-03-12,187,14.771077,14.633193,14.97167
2022-03-13,187,14.852742,14.737621,15.029424
2022-03-14,187,14.985816,14.903468,15.150421
2022-03-15,187,14.895678,14.746636,15.118139
2022-03-16,187,14.659337,14.522718,14.842384
2022-03-17,187,14.49049,14.359945,14.677206
2022-03-18,187,14.583823,14.505559,14.725977
2022-03-19,187,14.590973,14.488031,14.728224
2022-03-20,187,14.47346,14.362457,14.590967
2022-03-21,187,14.282957,14.152006,14.398283
2022-03-22,187,14.1469145,14.030541,14.250635
2022-03-23,187,14.175837,14.000779,14.366174
2022-03-24,187,14.425997,14.211353,14.714748
2022-03-25,187,14.766622,14.554874,15.074863
2022-03-26,187,15.1539545,14.928755,15.473229
2022-03-27,187,15.449003,15.299339,15.681732
2022-03-28,187,15.137385,14.893448,15.627827
2022-03-29,187,14.675922,14.527905,14.925629
2022-03-30,187,14.104862,13.820884,14.563235
2022-03-31,187,13.559696,13.330885,13.869379
2022-04-01,187,13.331123,13.262435,13.411144
2022-04-02,187,13.330317,13.251303,13.407655
2022-04-03,187,13.447245,13.295345,13.590281
2022-04-04,187,13.684222,13.552121,13.836402
2022-04-05,187,13.60585,13.407037,13.728542
2022-04-06,187,13.345866,13.246891,13.456026
2022-04-07,187,13.327213,13.194862,13.507545
2022-04-08,187,13.464753,13.23027,13.737965
2022-04-09,187,13.845348,13.6071415,14.102345
2022-04-10,187,14.217498,13.996787,14.473402
2022-04-11,187,14.429528,14.286602,14.684601
2022-04-12,187,14.589613,14.531623,14.656057
2022-04-13,187,14.443261,14.359308,14.558488
2022-04-14,187,13.916986,13.621959,14.412632
2022-04-15,187,13.772509,13.617165,13.956629
2022-04-16,187,13.585724,13.326181,13.958452
2022-04-17,187,13.258694,13.165503,13.335371
2022-04-18,187,13.231815,13.097871,13.36224
2022-04-19,187,13.400251,13.235177,13.613689
2022-04-20,187,14.147925,13.386298,14.682421
2022-04-21,187,14.863244,14.610568,15.152724
2022-04-22,187,14.722305,14.51112,14.922702
2022-04-23,187,14.171146,13.897735,14.506102
2022-04-24,187,13.559272,13.427441,13.892831
2022-04-25,187,13.31372,13.239328,13.455557
2022-04-26,187,13.284243,13.203827,13.37511
2022-04-27,187,13.253042,13.193089,13.355876
2022-04-28,187,13.198763,13.127888,13.262733
2022-04-29,187,13.186367,13.122344,13.267752
2022-04-30,187,13.117392,13.040535,13.205223
2022-05-01,187,13.201805,13.065113,13.365726
2022-05-02,187,13.34634,13.219944,13.526574
2022-05-03,187,13.37237,13.244598,13.534435
2022-05-04,187,13.369891,13.225285,13.563492
2022-05-05,187,13.517114,13.304301,13.75207
2022-05-06,187,13.5409565,13.441969,13.693096
2022-05-07,187,13.578092,13.356373,13.808744
2022-05-08,187,13.717936,13.584894,13.863869
2022-05-09,187,13.550342,13.3850975,13.721434
2022-05-10,187,13.177713,13.113571,13.381628
2022-05-11,187,12.99465,12.957378,13.111828
2022-05-12,187,12.929424,12.878032,12.980957
2022-05-13,187,12.903945,12.844244,12.958555
2022-05-14,187,12.951018,12.858858,13.040974
2022-05-15,187,13.079236,12.94173,13.220457
2022-05-16,187,13.32269,13.141455,13.541891
2022-05-17,187,13.453027,13.27713,13.686157
2022-05-18,187,13.509854,13.328102,13.758029
2022-05-19,187,13.549439,13.378807,13.793303
2022-05-20,187,13.565463,13.412861,13.802696
2022-05-21,187,13.511739,13.409733,13.693335
2022-05-22,187,13.418061,13.332505,13.548559
2022-05-23,187,13.277361,13.217545,13.375732
2022-05-24,187,13.149188,13.080397,13.214458
2022-05-25,187,13.108498,13.009903,13.167967
2022-05-26,187,13.24686,13.077853,13.399981
2022-05-27,187,13.501267,13.340947,13.679918
2022-05-28,187,13.503317,13.398472,13.67389
2022-05-29,187,13.480346,13.344749,13.675839
2022-05-30,187,13.47579,13.348557,13.676895
2022-05-31,187,13.476173,13.332952,13.698868
2022-06-01,187,13.530786,13.34824,13.780138
2022-06-02,187,13.640367,13.421028,13.901081
2022-06-03,187,13.730364,13.514339,13.985023
2022-06-04,187,13.682996,13.509272,13.890902
2022-06-05,187,13.550271,13.423138,13.727882
2022-06-06,187,13.399495,13.286537,13.513328
2022-06-07,187,13.260273,13.17026,13.355272
2022-06-08,187,13.206229,13.128704,13.255865
2022-06-09,187,13.1541605,13.063833,13.21622
2022-06-10,187,13.132958,13.0439625,13.217457
2022-06-11,187,13.215153,13.070778,13.346392
2022-06-12,187,13.413995,13.214745,13.612908
2022-06-13,187,13.653532,13.447624,13.915079
2022-06-14,187,13.671545,13.516151,13.9118805
2022-06-15,187,13.681484,13.491359,13.94281
2022-06-16,187,13.8702965,13.581205,14.172955
2022-06-17,187,14.027855,13.850046,14.261017
2022-06-18,187,13.838332,13.622258,14.001486
2022-06-19,187,13.574787,13.413397,13.679365
2022-06-20,187,13.33056,13.197499,13.409583
2022-06-21,187,13.179195,13.119343,13.227888
2022-06-22,187,13.134968,13.047214,13.194016
2022-06-23,187,13.235318,13.08181,13.35385
2022-06-24,187,13.383678,13.220946,13.5484085
2022-06-25,187,13.576748,13.383774,13.801306
2022-06-26,187,13.724964,13.553066,13.978587
2022-06-27,187,13.769372,13.619448,14.020332
2022-06-28,187,13.7920885,13.618497,14.055399
2022-06-29,187,13.762701,13.590599,14.008934
2022-06-30,187,13.76262,13.590373,14.020725
2022-07-01,187,13.778262,13.604235,14.017933
2022-07-02,187,13.755279,13.606955,13.966491
2022-07-03,187,13.697703,13.525482,13.888016
2022-07-04,187,13.545724,13.391762,13.672249
2022-07-05,187,13.409437,13.292538,13.503626
2022-07-06,187,13.296203,13.19651,13.355719
2022-07-07,187,13.2053795,13.0988245,13.281044
2022-07-08,187,13.15153,13.053906,13.251968
2022-07-09,187,13.213373,13.0652275,13.360075
2022-07-10,187,13.33678,13.162764,13.530858
2022-07-11,187,13.471374,13.269289,13.699038
2022-07-12,187,13.738438,13.436724,14.050479
2022-07-13,187,13.927015,13.68043,14.262596
2022-07-14,187,13.838264,13.666098,14.098813
2022-07-15,187,13.709536,13.545948,13.926558
2022-07-16,187,13.603453,13.476612,13.792406
2022-07-17,187,13.528573,13.431153,13.687764
2022-07-18,187,13.4804325,13.370806,13.595905
2022-07-19,187,13.367383,13.219111,13.43754
2022-07-20,187,13.249891,13.142853,13.334419
2022-07-21,187,13.2079115,13.11285,13.315382
2022-07-22,187,13.261948,13.125433,13.414734
2022-07-23,187,13.350622,13.195049,13.532175
2022-07-24,187,13.53726,13.302698,13.7685795
2022-07-25,187,13.736005,13.502957,14.011478
2022-07-26,187,13.792058,13.617482,14.062744
2022-07-27,187,13.755074,13.577026,13.999117
2022-07-28,187,13.707816,13.547836,13.942965
2022-07-29,187,13.682385,13.53957,13.905302
2022-07-30,187,13.648575,13.527466,13.848671
2022-07-31,187,13.584248,13.432756,13.742467
2022-08-01,187,13.426427,13.274164,13.528109
2022-08-02,187,13.268944,13.164382,13.332024
2022-08-03,187,13.19038,13.115536,13.243752
2022-08-04,187,13.213217,13.11353,13.267441
2022-08-05,187,13.3069725,13.161179,13.4154005
2022-08-06,187,13.409389,13.245096,13.583159
2022-08-07,187,13.481673,13.297566,13.684391
2022-08-08,187,13.644679,13.407194,13.90209
2022-08-09,187,13.737611,13.531675,14.011858
2022-08-10,187,13.734791,13.565181,13.996622
2022-08-11,187,13.65997,13.517196,13.8839245
2022-08-12,187,13.593216,13.463253,13.791658
2022-08-13,187,13.501118,13.383848,13.64979
2022-08-14,187,13.385502,13.284468,13.493034
2022-08-15,187,13.307832,13.215963,13.387705
2022-08-16,187,13.272914,13.199401,13.329902
2022-08-17,187,13.279938,13.196541,13.342129
2022-08-18,187,13.322164,13.204661,13.432585
2022-08-19,187,13.379566,13.248869,13.53797
2022-08-20,187,13.515183,13.321952,13.710096
2022-08-21,187,13.691584,13.481787,13.938769
2022-08-22,187,13.7916,13.583261,14.074482
2022-08-23,187,13.660184,13.474997,13.881817
2022-08-24,187,13.650384,13.495466,13.876539
2022-08-25,187,13.693397,13.57008,13.913462
2022-08-26,187,13.654483,13.534599,13.835484
2022-08-27,187,13.604746,13.507408,13.766612
2022-08-28,187,13.616309,13.529057,13.772405
2022-08-29,187,13.599801,13.503975,13.716162
2022-08-30,187,13.526676,13.418988,13.598611
2022-08-31,187,13.425152,13.298809,13.523426
2022-09-01,187,13.333272,13.223549,13.437519
2022-09-02,187,13.335925,13.229732,13.4413595
2022-09-03,187,13.439055,13.291936,13.618204
2022-09-04,187,13.462223,13.322081,13.664202
2022-09-05,187,13.568395,13.361286,13.799927
2022-09-06,187,13.746696,13.4945545,14.01246
2022-09-07,187,13.83679,13.648304,14.11099
2022-09-08,187,13.721938,13.599607,13.914849
2022-09-09,187,13.887035,13.611333,14.131474
2022-09-10,187,14.186874,14.048879,14.342482
2022-09-11,187,14.1700945,14.049555,14.273923
2022-09-12,187,14.091645,14.032562,14.162134
2022-09-13,187,14.1162815,14.051147,14.176486
2022-09-14,187,14.163219,14.072508,14.252329
2022-09-15,187,13.940543,13.615721,14.206335
2022-09-16,187,13.654537,13.527147,13.795286
2022-09-17,187,13.811227,13.539976,13.958561
2022-09-18,187,14.588887,13.962751,14.985139
2022-09-19,187,15.055403,14.767277,15.317497
2022-09-20,187,14.783615,14.540724,15.000193
2022-09-21,187,14.4616785,14.240253,14.648554
2022-09-22,187,14.033939,13.730607,14.237858
2022-09-23,187,13.5044,13.335876,13.728106
2022-09-24,187,13.319545,13.249298,13.408751
2022-09-25,187,13.302034,13.236786,13.386411
2022-09-26,187,13.366504,13.294889,13.436247
2022-09-27,187,13.481586,13.420355,13.540272
2022-09-28,187,13.4301605,13.300335,13.581827
2022-09-29,187,13.318426,13.194873,13.45977
2022-09-30,187,13.339697,13.229377,13.413855
2022-10-01,187,13.666876,13.345001,13.940933
2022-10-02,187,14.526981,13.947582,14.8045435
2022-10-03,187,15.04502,14.810816,15.223753
2022-10-04,187,15.115299,14.886248,15.3152275
2022-10-05,187,15.12411,14.883612,15.272678
2022-10-06,187,15.084006,14.975948,15.207249
2022-10-07,187,14.993474,14.9166155,15.0884075
2022-10-08,187,14.967789,14.881351,15.043563
2022-10-09,187,15.037388,14.942892,15.184479
2022-10-10,187,15.127831,15.056253,15.255592
2022-10-11,187,15.173406,15.081341,15.3317375
2022-10-12,187,15.234562,15.119892,15.381697
2022-10-13,187,15.294296,15.166777,15.418792
2022-10-14,187,15.3710785,15.249443,15.537405
2022-10-15,187,15.5793495,15.486164,15.830339
2022-10-16,187,15.84339,15.67477,15.987446
2022-10-17,187,15.675358,15.672491,15.677963
2022-10-18,187,15.675352,15.675333,15.675372
2022-10-19,187,15.675352,15.675351,15.675352
2022-10-20,187,15.675352,15.675352,15.675352
2022-10-21,187,15.675352,15.675352,15.675352
2022-10-22,187,15.675352,15.675352,15.675352
2022-10-23,187,15.675352,15.675352,15.675352
2022-10-24,187,15.675352,15.675352,15.675352
2022-10-25,187,15.675352,15.675352,15.675352
2022-10-26,187,15.675352,15.675352,15.675352
2022-10-27,187,15.675352,15.675352,15.675352
2022-10-28,187,15.675352,15.675352,15.675352
2022-10-29,187,15.675352,15.675352,15.675352
2022-10-30,187,15.675352,15.675352,15.675352
2022-10-31,187,15.675352,15.675352,15.675352
2022-11-01,187,15.675352,15.675352,15.675352
2022-11-02,187,15.675352,15.675352,15.675352
2022-11-03,187,15.675352,15.675352,15.675352
2022-11-04,187,15.675352,15.675352,15.675352
2022-11-05,187,15.675352,15.675352,15.675352
2022-11-06,187,15.675352,15.675352,15.675352
2022-11-07,187,15.675352,15.675352,15.675352
2022-11-08,187,15.675352,15.675352,15.675352
2022-11-09,187,15.675352,15.675352,15.675352
2022-11-10,187,15.675352,15.675352,15.675352
2022-11-11,187,15.675352,15.675352,15.675352
2022-11-12,187,15.675352,15.675352,15.675352
2022-11-13,187,15.675352,15.675352,15.675352
2022-11-14,187,15.675352,15.675352,15.675352
2022-11-15,187,15.349803,15.044264,15.675352
2022-11-16,187,14.761682,14.443706,15.046499
2022-11-17,187,14.21883,14.001048,14.441324
2022-11-18,187,13.844543,13.7142315,13.9988365
2022-11-19,187,13.6543,13.559837,13.748434
2022-11-20,187,13.531209,13.4329605,13.635835
2022-11-21,187,13.493389,13.41654,13.612356
2022-11-22,187,13.611398,13.537796,13.810581
2022-11-23,187,13.877801,13.813393,14.196035
2022-11-24,187,14.275953,14.199625,14.627125
2022-11-25,187,14.608356,14.482632,14.92081
2022-11-26,187,14.869289,14.724089,15.161519
2022-11-27,187,15.109728,14.956393,15.315611
2022-11-28,187,15.262004,15.111719,15.430092
2022-11-29,187,15.33175,15.130344,15.52927
2022-11-30,187,15.1547985,14.9702425,15.312429
2022-12-01,187,14.943257,14.829507,15.037916
2022-12-02,187,14.938383,14.855607,15.023979
2022-12-03,187,14.864617,14.734421,14.973125
2022-12-04,187,14.955758,14.817708,15.256973
2022-12-05,187,15.196926,15.038723,15.491672
2022-12-06,187,15.40165,15.243601,15.66789
2022-12-07,187,15.458049,15.27153,15.644545
2022-12-08,187,15.40337,15.213936,15.59553
2022-12-09,187,15.563335,15.435326,15.911724
2022-12-10,187,16.010405,15.827351,16.710346
2022-12-11,187,16.673512,16.576578,16.917637
2022-12-12,187,16.82356,16.75592,16.90527
2022-12-13,187,16.695168,16.609264,16.780716
2022-12-14,187,16.362782,16.116192,16.608665
2022-12-15,187,15.830868,15.5456085,16.114462
2022-12-16,187,15.257823,14.969543,15.543606
2022-12-17,187,14.698896,14.439781,14.967516
2022-12-18,187,14.255986,14.104306,14.437824
2022-12-19,187,14.151932,13.988312,14.3279705
2022-12-20,187,14.159826,13.987065,14.416424
2022-12-21,187,14.376105,14.21195,14.754791
2022-12-22,187,14.669065,14.487111,15.042337
2022-12-23,187,14.94457,14.7476425,15.3720045
2022-12-24,187,15.233394,15.045652,15.503489
2022-12-25,187,15.335773,15.159163,15.513666
2022-12-26,187,15.540385,15.485575,15.839499
2022-12-27,187,15.838045,15.783129,16.096523
2022-12-28,187,16.1966,16.104557,16.263432
2022-12-29,187,16.311361,16.26646,16.354885
2022-12-30,187,16.7429,16.355186,17.121328
2022-12-31,187,17.326925,17.123943,17.568493
2023-01-01,187,17.957926,17.569584,18.35102
2023-01-02,187,18.35223,18.349728,18.353952
2023-01-03,187,18.352245,18.352238,18.352255
2023-01-04,187,18.352245,18.352245,18.352245
2023-01-05,187,18.352245,18.352245,18.352245
2023-01-06,187,18.352245,18.352245,18.352245
2023-01-07,187,18.352245,18.352245,18.352245
2023-01-08,187,18.352245,18.352245,18.352245
2023-01-09,187,18.352245,18.352245,18.352245
2023-01-10,187,18.352245,18.352245,18.352245
2023-01-11,187,18.352245,18.352245,18.352245
2023-01-12,187,18.352245,18.352245,18.352245
2023-01-13,187,18.352245,18.352245,18.352245
2023-01-14,187,18.352245,18.352245,18.352245
2023-01-15,187,18.352245,18.352245,18.352245
2023-01-16,187,18.352245,18.352245,18.352245
2023-01-17,187,18.352245,18.352245,18.352245
2023-01-18,187,18.352245,18.352245,18.352245
2023-01-19,187,18.352245,18.352245,18.352245
2023-01-20,187,18.352245,18.352245,18.352245
2023-01-21,187,18.352245,18.352245,18.352245
2023-01-22,187,18.352245,18.352245,18.352245
2023-01-23,187,18.352245,18.352245,18.352245
2023-01-24,187,18.352245,18.352245,18.352245
2023-01-25,187,18.352245,18.352245,18.352245
2023-01-26,187,18.352245,18.352245,18.352245
2023-01-27,187,18.352245,18.352245,18.352245
2023-01-28,187,18.238094,18.123554,18.352245
2023-01-29,187,17.974546,17.82592,18.122753
2023-01-30,187,17.649971,17.474468,17.824883
2023-01-31,187,17.363121,17.252432,17.47324
2023-02-01,187,17.143606,17.035263,17.25166
2023-02-02,187,16.93427,16.833765,17.034508
2023-02-03,187,16.744917,16.665504,16.833063
2023-02-04,187,16.620535,16.544174,16.722027
2023-02-05,187,16.378508,16.217512,16.562386
2023-02-06,187,16.205956,16.026613,16.383848
2023-02-07,187,15.837716,15.679594,16.025356
2023-02-08,187,15.520536,15.390089,15.678256
2023-02-09,187,15.373738,15.259705,15.503608
2023-02-10,187,15.157857,15.044825,15.286671
2023-02-11,187,14.94278,14.7631445,15.109959
2023-02-12,187,14.833448,14.705019,14.972643
2023-02-13,187,14.963118,14.783122,15.196276
2023-02-14,187,15.166319,15.008522,15.362467
2023-02-15,187,15.305503,15.161858,15.494551
2023-02-16,187,15.432567,15.269338,15.66942
2023-02-17,187,15.591863,15.440184,15.827976
2023-02-18,187,15.755354,15.582384,16.065521
2023-02-19,187,15.951647,15.804319,16.167461
2023-02-20,187,16.035685,15.923339,16.144077
2023-02-21,187,16.007063,15.904961,16.168438
2023-02-22,187,16.064064,15.974514,16.164
2023-02-23,187,15.954678,15.83764,16.071518
2023-02-24,187,15.8748,15.757246,15.991051
2023-02-25,187,15.919917,15.826717,16.014595
2023-02-26,187,15.981175,15.871744,16.09975
2023-02-27,187,16.107094,15.978442,16.262291
2023-02-28,187,16.213226,16.103102,16.336178
2023-03-01,187,16.284218,16.121717,16.48427
2023-03-02,187,16.319351,16.255375,16.406063
2023-03-03,187,16.18702,16.126907,16.254631
2023-03-04,187,16.104548,15.994312,16.246452
2023-03-05,187,16.107214,15.967282,16.248854
2023-03-06,187,16.1015,15.980116,16.218708
2023-03-07,187,16.06609,15.965916,16.156675
2023-03-08,187,16.07209,16.002874,16.167076
2023-03-09,187,16.157888,16.137825,16.269016
2023-03-10,187,16.486889,16.239622,16.713753
2023-03-11,187,16.59556,16.593681,16.598682
2023-03-12,187,16.595545,16.59553,16.595562
2023-03-13,187,16.595545,16.595543,16.595545
2023-03-14,187,16.595545,16.595545,16.595545
2023-03-15,187,16.595545,16.595545,16.595545
2023-03-16,187,16.595545,16.595545,16.595545
2023-03-17,187,16.595545,16.595545,16.595545
2023-03-18,187,16.595545,16.595545,16.595545
2023-03-19,187,16.595545,16.595545,16.595545
2023-03-20,187,16.595545,16.595545,16.595545
2023-03-21,187,16.595545,16.595545,16.595545
2023-03-22,187,16.595545,16.595545,16.595545
2023-03-23,187,16.595545,16.595545,16.595545
2023-03-24,187,16.595545,16.595545,16.595545
2023-03-25,187,16.595545,16.595545,16.595545
2023-03-26,187,16.595545,16.595545,16.595545
2023-03-27,187,16.595545,16.595545,16.595545
2023-03-28,187,16.595545,16.595545,16.595545
2023-03-29,187,16.595545,16.595545,16.595545
2023-03-30,187,16.595545,16.595545,16.595545
2023-03-31,187,16.595545,16.595545,16.595545
2023-04-01,187,16.595545,16.595545,16.595545
2023-04-02,187,16.595545,16.595545,16.595545
2023-04-03,187,16.595545,16.595545,16.595545
2023-04-04,187,16.595545,16.595545,16.595545
2023-04-05,187,16.595545,16.595545,16.595545
2023-04-06,187,16.595545,16.595545,16.595545
2023-04-07,187,16.595545,16.595545,16.595545
2023-04-08,187,16.595545,16.595545,16.595545
2023-04-09,187,16.595545,16.595545,16.595545
2023-04-10,187,16.595545,16.595545,16.595545
2023-04-11,187,16.595545,16.595545,16.595545
2023-04-12,187,16.595545,16.595545,16.595545
2023-04-13,187,16.595545,16.595545,16.595545
2023-04-14,187,16.595545,16.595545,16.595545
2023-04-15,187,16.595545,16.595545,16.595545
2023-04-16,187,16.595545,16.595545,16.595545
2023-04-17,187,16.595545,16.595545,16.595545
2023-04-18,187,16.595545,16.595545,16.595545
2023-04-19,187,16.595545,16.595545,16.595545
2023-04-20,187,16.595545,16.595545,16.595545
2023-04-21,187,16.595545,16.595545,16.595545
2023-04-22,187,16.595545,16.595545,16.595545
2023-04-23,187,16.595545,16.595545,16.595545
2023-04-24,187,16.595545,16.595545,16.595545
2023-04-25,187,16.595545,16.595545,16.595545
2023-04-26,187,16.595545,16.595545,16.595545
2023-04-27,187,16.595545,16.595545,16.595545
2023-04-28,187,16.595545,16.595545,16.595545
2023-04-29,187,16.595545,16.595545,16.595545
2023-04-30,187,16.595545,16.595545,16.595545
2023-05-01,187,16.595545,16.595545,16.595545
2023-05-02,187,16.595545,16.595545,16.595545
2023-05-03,187,16.595545,16.595545,16.595545
2023-05-04,187,16.595545,16.595545,16.595545
2023-05-05,187,16.595545,16.595545,16.595545
2023-05-06,187,16.595545,16.595545,16.595545
2023-05-07,187,16.595545,16.595545,16.595545
2023-05-08,187,16.595545,16.595545,16.595545
2023-05-09,187,16.595545,16.595545,16.595545
2023-05-10,187,16.595545,16.595545,16.595545
2023-05-11,187,16.595545,16.595545,16.595545
2023-05-12,187,16.595545,16.595545,16.595545
2023-05-13,187,16.595545,16.595545,16.595545
2023-05-14,187,16.595545,16.595545,16.595545
2023-05-15,187,16.595545,16.595545,16.595545
2023-05-16,187,16.595545,16.595545,16.595545
2023-05-17,187,16.595545,16.595545,16.595545
2023-05-18,187,16.595545,16.595545,16.595545
2023-05-19,187,16.595545,16.595545,16.595545
2023-05-20,187,16.595545,16.595545,16.595545
2023-05-21,187,16.595545,16.595545,16.595545
2023-05-22,187,16.595545,16.595545,16.595545
2023-05-23,187,16.595545,16.595545,16.595545
2023-05-24,187,16.595545,16.595545,16.595545
2023-05-25,187,16.595545,16.595545,16.595545
2023-05-26,187,16.595545,16.595545,16.595545
2023-05-27,187,16.595545,16.595545,16.595545
2023-05-28,187,16.595545,16.595545,16.595545
2023-05-29,187,16.595545,16.595545,16.595545
2023-05-30,187,16.595545,16.595545,16.595545
2023-05-31,187,16.595545,16.595545,16.595545
2023-06-01,187,16.595545,16.595545,16.595545
2023-06-02,187,16.595545,16.595545,16.595545
2023-06-03,187,16.595545,16.595545,16.595545
2023-06-04,187,16.595545,16.595545,16.595545
2023-06-05,187,16.595545,16.595545,16.595545
2023-06-06,187,16.595545,16.595545,16.595545
2023-06-07,187,16.595545,16.595545,16.595545
2023-06-08,187,16.595545,16.595545,16.595545
2023-06-09,187,16.595545,16.595545,16.595545
2023-06-10,187,16.595545,16.595545,16.595545
2023-06-11,187,16.595545,16.595545,16.595545
2023-06-12,187,16.595545,16.595545,16.595545
2023-06-13,187,16.595545,16.595545,16.595545
2023-06-14,187,16.595545,16.595545,16.595545
2023-06-15,187,16.595545,16.595545,16.595545
2023-06-16,187,16.595545,16.595545,16.595545
2023-06-17,187,16.595545,16.595545,16.595545
2023-06-18,187,16.595545,16.595545,16.595545
2023-06-19,187,16.595545,16.595545,16.595545
2023-06-20,187,16.595545,16.595545,16.595545
2023-06-21,187,16.598217,16.595545,16.684677
2023-06-22,187,16.638588,16.295963,16.874481
2023-06-23,187,16.313406,15.87936,16.512081
2023-06-24,187,15.863697,15.451928,15.995034
2023-06-25,187,15.143666,14.556624,15.449343
2023-06-26,187,14.27129,13.925802,14.551447
2023-06-27,187,13.988313,13.873915,14.0852585
2023-06-28,187,14.134555,13.9048395,14.401259
2023-06-29,187,14.178184,13.972143,14.490503
2023-06-30,187,14.240358,14.020912,14.618975
2023-07-01,187,14.260572,14.042575,14.620604
2023-07-02,187,14.353978,14.095083,14.691688
2023-07-03,187,14.265123,14.012009,14.626293
2023-07-04,187,14.321367,14.016963,14.669413
2023-07-05,187,14.456608,14.206894,14.774593
2023-07-06,187,14.4655285,14.289991,14.715433
2023-07-07,187,14.229616,13.971508,14.366148
2023-07-08,187,13.938229,13.780264,14.05261
2023-07-09,187,13.643993,13.466808,13.776636
2023-07-10,187,13.412113,13.191423,13.533752
2023-07-11,187,13.289448,13.136136,13.450424
2023-07-12,187,13.421051,13.180527,13.657449
2023-07-13,187,13.589346,13.340664,13.879624
2023-07-14,187,13.674829,13.468214,13.978806
2023-07-15,187,13.734952,13.513032,14.054514
2023-07-16,187,13.781947,13.548977,14.101725
2023-07-17,187,13.86583,13.583973,14.216124
2023-07-18,187,13.895876,13.691231,14.21747
2023-07-19,187,13.822197,13.628289,14.099407
2023-07-20,187,13.718496,13.510012,13.959185
2023-07-21,187,13.51733,13.350122,13.687833
2023-07-22,187,13.378429,13.265038,13.509968
2023-07-23,187,13.306897,13.225193,13.402037
2023-07-24,187,13.257923,13.158506,13.312019
2023-07-25,187,13.124354,12.941879,13.221315
2023-07-26,187,13.079964,12.920895,13.219862
2023-07-27,187,13.294102,12.994076,13.548726
2023-07-28,187,13.506804,13.162853,13.822629
2023-07-29,187,13.58693,13.314502,13.901953
2023-07-30,187,13.648876,13.371545,13.983364
2023-07-31,187,13.709728,13.414261,14.055535
2023-08-01,187,13.695701,13.466567,14.006349
2023-08-02,187,13.644907,13.446149,13.914162
2023-08-03,187,13.539624,13.388473,13.742052
2023-08-04,187,13.374589,13.257268,13.502848
2023-08-05,187,13.235729,13.149365,13.326525
2023-08-06,187,13.13277,13.054142,13.184704
2023-08-07,187,13.044788,12.913608,13.122404
2023-08-08,187,13.091255,12.903696,13.19515
2023-08-09,187,13.393981,13.106912,13.645727
2023-08-10,187,13.606108,13.250185,13.9212675
2023-08-11,187,13.716453,13.446016,14.046587
2023-08-12,187,13.6869,13.489246,13.975309
2023-08-13,187,13.732545,13.493921,14.028648
2023-08-14,187,13.616528,13.45028,13.872113
2023-08-15,187,13.558987,13.408631,13.795185
2023-08-16,187,13.517577,13.381407,13.733896
2023-08-17,187,13.532146,13.384092,13.743717
2023-08-18,187,13.575614,13.474741,13.740017
2023-08-19,187,13.554741,13.465378,13.66737
2023-08-20,187,13.513084,13.4111395,13.584544
2023-08-21,187,13.396325,13.262547,13.502009
2023-08-22,187,13.311511,13.081935,13.47501
2023-08-23,187,13.188404,13.031261,13.340006
2023-08-24,187,13.26162,13.031599,13.432999
2023-08-25,187,13.683302,13.253342,14.014497
2023-08-26,187,13.841633,13.503618,14.19561
2023-08-27,187,13.802523,13.500189,14.151737
2023-08-28,187,13.65714,13.421641,13.944105
2023-08-29,187,13.544554,13.360504,13.797041
2023-08-30,187,13.396778,13.254352,13.573578
2023-08-31,187,13.353076,13.208319,13.4995365
2023-09-01,187,13.52437,13.371998,13.685979
2023-09-02,187,13.6908455,13.619356,13.7736435
2023-09-03,187,13.551963,13.304239,13.742121
2023-09-04,187,13.352871,13.17849,13.520611
2023-09-05,187,13.348674,13.19439,13.524995
2023-09-06,187,13.540868,13.255123,13.7129
2023-09-07,187,13.855133,13.604318,14.105513
2023-09-08,187,13.8917465,13.688337,14.1419735
2023-09-09,187,13.7937765,13.584234,14.046096
2023-09-10,187,13.705357,13.531366,13.933384
2023-09-11,187,13.679447,13.54052,13.880519
2023-09-12,187,13.610478,13.488691,13.796101
2023-09-13,187,13.534104,13.438602,13.685968
2023-09-14,187,13.531446,13.4349,13.660926
2023-09-15,187,13.72311,13.523462,13.876287
2023-09-16,187,13.836426,13.756982,13.927775
2023-09-17,187,13.685978,13.513458,13.860527
2023-09-18,187,13.593601,13.398054,13.734076
2023-09-19,187,13.477917,13.309174,13.613283
2023-09-20,187,13.435104,13.286514,13.588123
2023-09-21,187,13.54368,13.344394,13.735824
2023-09-22,187,13.921898,13.491968,14.074748
2023-09-23,187,14.346839,13.974171,14.569717
2023-09-24,187,14.472675,14.182323,14.726864
2023-09-25,187,14.376446,14.094295,14.609608
2023-09-26,187,14.045615,13.759364,14.221546
2023-09-27,187,13.44389,13.206541,13.755603
2023-09-28,187,13.167599,13.068008,13.263996
2023-09-29,187,13.1094475,13.041289,13.162618
2023-09-30,187,13.144756,13.100618,13.194309
2023-10-01,187,13.228041,13.137009,13.309528
2023-10-02,187,13.269538,13.160138,13.395613
2023-10-03,187,13.305767,13.196072,13.453396
2023-10-04,187,13.400928,13.252908,13.592137
2023-10-05,187,13.515843,13.327074,13.774006
2023-10-06,187,13.634907,13.374458,13.764488
2023-10-07,187,14.049617,13.680104,14.190237
2023-10-08,187,14.514835,14.110287,14.654556
2023-10-09,187,14.937007,14.621344,15.083578
2023-10-10,187,15.16656,14.971075,15.302194
2023-10-11,187,15.279042,15.1527195,15.415192
2023-10-12,187,15.187496,15.075165,15.291299
2023-10-13,187,15.0330305,14.913994,15.155343
2023-10-14,187,15.029995,14.93474,15.22707
2023-10-15,187,15.1724205,15.0740185,15.420105
2023-10-16,187,15.269586,15.123732,15.4708805
2023-10-17,187,15.293301,15.116718,15.489738
2023-10-18,187,15.309782,15.128128,15.517249
2023-10-19,187,15.4807825,15.331396,15.766127
2023-10-20,187,15.831821,15.708853,16.253574
2023-10-21,187,16.420687,16.266151,16.587957
2023-10-22,187,16.50396,16.255058,16.746126
2023-10-23,187,16.326427,16.03576,16.5624
2023-10-24,187,16.037573,16.032028,16.040607
2023-10-25,187,16.037588,16.037567,16.037607
2023-10-26,187,16.037588,16.037586,16.037588
2023-10-27,187,16.037588,16.037588,16.037588
2023-10-28,187,16.037588,16.037588,16.037588
2023-10-29,187,16.037588,16.037588,16.037588
2023-10-30,187,16.037588,16.037588,16.037588
2023-10-31,187,16.037588,16.037588,16.037588
2023-11-01,187,16.037588,16.037588,16.037588
2023-11-02,187,16.037588,16.037588,16.037588
2023-11-03,187,16.037588,16.037588,16.037588
2023-11-04,187,16.037588,16.037588,16.037588
2023-11-05,187,16.037588,16.037588,16.037588
2023-11-06,187,16.037588,16.037588,16.037588
2023-11-07,187,16.037588,16.037588,16.037588
2023-11-08,187,16.037588,16.037588,16.037588
2023-11-09,187,16.037588,16.037588,16.037588
2023-11-10,187,15.706798,15.425124,16.037588
2023-11-11,187,15.130778,14.930344,15.422684
2023-11-12,187,14.808336,14.597116,15.068989
2023-11-13,187,14.807726,14.625877,15.134447
2023-11-14,187,15.031886,14.839087,15.428076
2023-11-15,187,15.282826,15.057201,15.659616
2023-11-16,187,15.529591,15.321121,15.914961
2023-11-17,187,15.791584,15.590606,16.0959
2023-11-18,187,15.986069,15.823961,16.296148
2023-11-19,187,16.162193,15.89164,16.423769
2023-11-20,187,15.694234,15.363629,15.974509
2023-11-21,187,15.119985,14.78402,15.370694
2023-11-22,187,14.5844,14.370286,14.781588
2023-11-23,187,14.335894,14.236132,14.463337
2023-11-24,187,14.396693,14.271294,14.646278
2023-11-25,187,14.556774,14.40855,14.821661
2023-11-26,187,14.684047,14.49147,15.014294
2023-11-27,187,14.882982,14.661935,15.270465
2023-11-28,187,15.108531,14.903353,15.36674
2023-11-29,187,15.216926,14.998041,15.576875
2023-11-30,187,15.4697,15.267395,15.803467
2023-12-01,187,15.663568,15.473726,15.856794
2023-12-02,187,15.564388,15.348859,15.80924
2023-12-03,187,15.2671795,15.018521,15.52469
2023-12-04,187,14.888615,14.656441,15.10858
2023-12-05,187,14.561412,14.421459,14.711323
2023-12-06,187,14.324439,14.199095,14.419292
2023-12-07,187,14.373058,14.266417,14.532547
2023-12-08,187,14.316498,14.153454,14.51354
2023-12-09,187,14.183974,14.016589,14.394832
2023-12-10,187,14.079955,13.901493,14.277288
2023-12-11,187,14.200207,14.008194,14.605825
2023-12-12,187,14.6375475,14.45651,15.18777
2023-12-13,187,15.11065,14.905811,15.521183
2023-12-14,187,15.366054,15.166531,15.667226
2023-12-15,187,15.475773,15.276613,15.691711
2023-12-16,187,15.561881,15.392692,15.731224
2023-12-17,187,15.679481,15.549881,15.805959
2023-12-18,187,15.775787,15.69268,15.859821
2023-12-19,187,15.843013,15.76354,15.919586
2023-12-20,187,15.814372,15.762438,15.88065
2023-12-21,187,15.723445,15.627928,15.820446
2023-12-22,187,15.763478,15.64472,15.935194
2023-12-23,187,15.888781,15.771708,16.071136
2023-12-24,187,16.001411,15.870408,16.199398
2023-12-25,187,15.976833,15.788404,16.16309
2023-12-26,187,15.849801,15.664683,16.05064
2023-12-27,187,15.713715,15.510107,15.945904
2023-12-28,187,15.840757,15.698468,16.070515
2023-12-29,187,16.024544,15.920447,16.356018
2023-12-30,187,16.277554,16.195808,16.35822
2023-12-31,187,15.980657,15.6937685,16.343414
2024-01-01,187,15.76491,15.76491,15.76491
